decision_date,decision_month,holding_month,current_regime,actual_next_regime,p_Bull,p_Neutral,p_Crisis,equal_weight_return,static_mv_return,reactive_hmm_return,macro_forward_return,equal_weight_turnover,static_mv_turnover,reactive_hmm_turnover,macro_forward_turnover,reactive_fallback,macro_fallback,macro_used_probability,weight_equal_EFA,weight_equal_GLD,weight_equal_SPY,weight_equal_TLT,weight_equal_VNQ,weight_static_EFA,weight_static_GLD,weight_static_SPY,weight_static_TLT,weight_static_VNQ,weight_reactive_EFA,weight_reactive_GLD,weight_reactive_SPY,weight_reactive_TLT,weight_reactive_VNQ,weight_macro_EFA,weight_macro_GLD,weight_macro_SPY,weight_macro_TLT,weight_macro_VNQ
2015-02-28,2015-02-28,2015-03-31,Bull,Bull,0.6407851093863579,0.3557743023783477,0.0034405882352941,-0.004654547509294415,-0.0026349871987170013,-0.009053055713914335,-0.0023638470356881673,,,,,False,False,0.9965594117647056,0.2,0.2,0.2,0.2,0.2,1.0811781468716505e-15,7.279825482267991e-17,0.5091287385862555,0.4908712614137434,5.627841202369956e-17,6.728585330503525e-16,2.9673634279601846e-16,0.750156682773989,0.24984331722600928,7.255456987413151e-16,1.0314412597536993e-16,2.6054761741415704e-16,0.4989461804027749,0.5010538195972248,3.813411622087295e-17
2015-03-31,2015-03-31,2015-04-30,Bull,Bull,0.5660214393752016,0.4321672398700814,0.0018113207547169,-0.009619531759047263,-0.011855828614127272,-0.0008895168395082328,-0.013640381308438549,0.0,0.002252296256256871,0.013190648954060517,0.06284538189363831,False,False,0.998188679245283,0.2,0.2,0.2,0.2,0.2,7.002383102633582e-17,1.3592325261492106e-16,0.508002590458128,0.49199740954187166,4.081908037268892e-17,0.0,9.579122777471463e-18,0.7567520072510192,0.2432479927489807,0.0,1.9609908444170621e-16,3.470962404450295e-16,0.46752348945595573,0.5324765105440438,0.0
2015-04-30,2015-04-30,2015-05-31,Bull,Bull,0.5686526518885129,0.4313473481114868,0.0,-0.001277023055083238,-0.004892109625719984,0.004545964220125784,-0.006528051128392259,0.0,0.013624634275673916,0.03213553969976577,0.005140672379075001,False,False,0.9999999999999997,0.2,0.2,0.2,0.2,0.2,6.638956441398312e-16,0.0,0.5148149075959644,0.4851850924040349,1.0797279331070802e-16,1.0373020199346777e-15,0.0,0.772819777100901,0.22718022289909792,1.50377646366187e-16,6.887031561676743e-17,9.04915842870272e-17,0.4700938256454932,0.5299061743545066,0.0
2015-05-31,2015-05-31,2015-06-30,Bull,Bull,0.7795535288071891,0.2186260754546063,0.0018203957382039,-0.030812609150814255,-0.03006138707118123,-0.02457955517478582,-0.02887868854630602,0.0,0.014941085038705967,0.03616825985921068,0.22029145581361032,False,False,0.9981796042617954,0.2,0.2,0.2,0.2,0.2,2.6452997183665746e-15,0.0,0.5222854501153148,0.4777145498846818,5.889386200941259e-16,2.0526605229158295e-16,0.0,0.7909039070305061,0.20909609296949336,3.6916345027835454e-16,2.4498689370597183e-16,1.095518968914909e-15,0.5802395535522972,0.41976044644770144,0.0
2015-06-30,2015-06-30,2015-07-31,Bull,Bull,0.7284476027799291,0.164791593468295,0.1067608037517764,0.015972534185431143,0.033351572684055995,0.026890457556586245,0.031406728679404756,0.0,0.014265979485265244,0.04204875354978215,0.06843292695120701,False,False,0.8932391962482241,0.2,0.2,0.2,0.2,0.2,8.842651230529737e-16,2.0305975434048293e-16,0.5294184398579473,0.47058156014205166,1.0442760674012149e-17,1.9368456053795082e-16,2.8717458034909554e-17,0.811928283805397,0.1880717161946026,0.0,0.0,0.0,0.6144560170279006,0.38554398297209924,0.0
2015-07-31,2015-07-31,2015-08-31,Bull,Neutral,0.8297821607209692,0.1702178392790309,0.0,-0.033587162805268106,-0.03532985152641239,-0.04947537776963613,-0.04013996038449573,0.0,0.006768798643222704,0.04841913410209671,0.0011249337811829463,False,False,1.0,0.2,0.2,0.2,0.2,0.2,5.2240202006257925e-16,3.462204212195594e-17,0.5260340405363365,0.473965959463663,0.0,3.5966190318654807e-16,3.517341275688906e-16,0.7877187167543488,0.21228128324565027,3.027014030991998e-16,0.0,0.0,0.6150184839184922,0.3849815160815079,0.0
2015-08-31,2015-08-31,2015-09-30,Neutral,Neutral,0.5847778290772869,0.3884263493681158,0.0267958215545974,-0.0074899946192745976,-0.0036701340557814886,0.01082622872224503,-0.001522012599247235,0.0,0.019023249767994573,1.1327113276451575,0.29207539178065495,False,False,0.9732041784454027,0.2,0.2,0.2,0.2,0.2,2.0525534974858015e-16,3.0952267340782257e-16,0.5165224156523395,0.4834775843476599,1.8065576347871475e-17,0.0,0.0,0.2213630529317707,0.6725059985270893,0.1061309485411401,8.16533826272687e-17,0.0,0.4689807880281648,0.531019211971835,2.794719358096171e-16
2015-09-30,2015-09-30,2015-10-31,Neutral,Bull,0.5209148934407015,0.4790851065592985,0.0,0.04550209095915077,0.04125408475548889,0.017971597720362026,0.034064341682844765,0.0,0.01580812877260137,0.23332477809057778,0.09754964004723304,False,False,1.0,0.2,0.2,0.2,0.2,0.2,0.0,6.26966931190215e-17,0.5086183512660393,0.49138164873396056,8.631876576146429e-17,0.0,7.542966267892662e-16,0.10470066388648187,0.6889580678617078,0.20634126825180976,2.38071146336799e-16,0.0,0.4202059680045482,0.568573656944314,0.011220375051137496
2015-10-31,2015-10-31,2015-11-30,Bull,Bull,0.61435266510337,0.3856473348966298,0.0,-0.01726570310053606,-0.0022962484995010155,0.000954257206278982,-0.002694111204568429,0.0,0.01758064337472404,1.352580526729089,0.1298803432189163,False,False,0.9999999999999998,0.2,0.2,0.2,0.2,0.2,0.0,1.9917437032289015e-16,0.5174086729534012,0.48259132704659863,5.591276343212844e-17,4.347118641155305e-17,1.1984755724257283e-16,0.7809909272510263,0.2190090727489737,0.0,2.0040935835257082e-16,1.6201881080679305e-16,0.4851461396140062,0.5148538603859935,0.0
2015-11-30,2015-11-30,2015-12-31,Bull,Neutral,0.6263585314776714,0.3736414685223285,0.0,-0.005955229506218162,-0.010393661483555252,-0.014209737098473669,-0.009975193227772646,0.0,0.0024577360600732882,0.008598459888988736,0.00850091376899595,False,False,0.9999999999999999,0.2,0.2,0.2,0.2,0.2,0.0,0.0,0.5186375409834378,0.4813624590165622,9.886348709999158e-17,1.0530095649841394e-15,4.531905956141922e-16,0.7852901571955183,0.21470984280447925,8.955291101845672e-16,3.1055519030208786e-16,1.9334350720868011e-16,0.489396596498504,0.5106034035014955,5.359992932565342e-17
2015-12-31,2015-12-31,2016-01-31,Neutral,Neutral,0.4432456041221814,0.5567543958778184,0.0,-0.005897857003337981,0.0011549147774663753,0.026321516587655042,0.01249084571976005,0.0,0.002835120623552449,1.4906910351386067,0.2908118453044812,False,False,0.9999999999999998,0.2,0.2,0.2,0.2,0.2,2.0398047733959068e-16,3.884477377258067e-17,0.5172199806716616,0.48278001932833814,1.607666275834115e-17,0.0,2.8812115003866466e-16,0.039944639626216215,0.6804197936846829,0.2796355666891007,0.0,0.0,0.343990673846264,0.5789502103323544,0.07705911582138182
2016-01-31,2016-01-31,2016-02-29,Neutral,Neutral,0.4321410181013636,0.5640540524139912,0.0038049294846447,0.020471038606446612,0.014992371968426869,0.02067662961982501,0.018035954042788748,0.0,0.03288935235464747,0.07988927925243294,0.09930815356596905,False,False,0.9961950705153548,0.2,0.2,0.2,0.2,0.2,0.0,5.1044087511876255e-17,0.5007753044943382,0.4992246955056619,0.0,3.4789419042088255e-17,1.997196314388865e-17,0.0,0.7048091275160272,0.2951908724839728,0.0,5.469523316356311e-18,0.29433659706327936,0.6042755955533656,0.10138780738335501
2016-02-29,2016-02-29,2016-03-31,Neutral,Bull,0.3442606086407609,0.6557393913592396,0.0,0.04567586283660879,0.032876754142010065,0.02791104870330432,0.028932753792293407,0.0,0.01004781571439687,0.13937104609367443,0.09918756563882819,False,False,1.0000000000000004,0.2,0.2,0.2,0.2,0.2,6.562108862328288e-17,7.474874879419928e-17,0.49575139663713963,0.5042486033628601,0.0,2.0005734211520016e-16,0.033549527124078146,0.036135995922758915,0.6780952851990552,0.2522191917541076,0.0,6.327364515797355e-17,0.24474281424386526,0.6304831260531893,0.12477405970294533
2016-03-31,2016-03-31,2016-04-30,Bull,Bull,0.5391639979309178,0.4608360020690821,0.0,0.009274712538720765,-0.001678118497562648,0.0013476821847645854,-0.0033237116561956694,0.0,0.014538215697376948,1.4689689649782711,0.3361394862042134,False,False,1.0,0.2,0.2,0.2,0.2,0.2,1.6041042911468123e-16,6.833096133417266e-17,0.503020504485828,0.49697949551417175,5.967174930373402e-17,0.0,6.191610765450899e-16,0.7706204784118943,0.22937952158810493,0.0,6.125249806283785e-16,0.0,0.41281255734597133,0.5484326074986405,0.03875483515538747
2016-04-30,2016-04-30,2016-05-31,Bull,Bull,0.5074054156036916,0.4925945843963083,0.0,-0.002937365633039746,0.01257369270465509,0.01497461062558048,0.012235509853074939,0.0,0.0029950288531626033,0.003899887868500965,0.04146731298726806,False,False,0.9999999999999999,0.2,0.2,0.2,0.2,0.2,2.173225746458513e-16,0.0,0.5045180189124092,0.4954819810875905,2.1885665076988825e-17,0.0,0.0,0.7725704223461448,0.2274295776538551,0.0,0.0,1.5708843008173993e-16,0.392078900852338,0.5615664661402499,0.04635463300741209
2016-05-31,2016-05-31,2016-06-30,Bull,Neutral,0.5623693180386018,0.343576035465735,0.0940546464956631,0.04152060906375441,0.0360696662416762,0.01882885509754099,0.03745931308771744,0.0,0.0012566965934357255,0.011337658206227924,0.18393885258117013,False,False,0.9059453535043368,0.2,0.2,0.2,0.2,0.2,1.4916920243199963e-16,0.0,0.5051463672091271,0.49485363279087274,0.0,0.0,0.0,0.7669015932430309,0.23309840675696908,0.0,6.553836540361078e-17,0.0,0.48404832714292295,0.515951672857077,1.4506421241213194e-17
2016-06-30,2016-06-30,2016-07-31,Neutral,Bull,0.5087751031586288,0.4330564845632421,0.058168412278129,0.031948732771613655,0.0286956100533011,0.027309125871688836,0.028257629816091465,0.0,0.017085632895492815,1.4410846159245552,0.21068542862747083,False,False,0.9418315877218709,0.2,0.2,0.2,0.2,0.2,8.13470119062695e-17,3.187042548167289e-17,0.49660355076138085,0.5033964492386191,7.50020590187099e-17,1.0221058584072757e-16,0.04795131103179045,0.04635928528075331,0.6453500727606398,0.2603393309268163,0.0,5.508817857168478e-17,0.37870561282918763,0.557276310745076,0.06401807642573641
2016-07-31,2016-07-31,2016-08-31,Bull,Bull,0.6470931325029188,0.3104390962114016,0.0424677712856794,-0.014760113040220468,-0.004480660584361796,-0.001609876962391186,-0.004382292937231844,0.0,0.004591503204623327,1.4117438210836322,0.2577482572012455,False,False,0.9575322287143204,0.2,0.2,0.2,0.2,0.2,0.0,5.4670857226495776e-17,0.49889930236369234,0.5011006976363075,0.0,5.894679841504671e-16,0.0,0.7522311958225689,0.24776880417743025,3.0701537189595447e-16,0.0,0.0,0.5075797414298103,0.4924202585701897,0.0
2016-08-31,2016-08-31,2016-09-30,Bull,Bull,0.656514393409913,0.3434856065900875,0.0,-0.00261849336579787,-0.007494880828972663,-0.0035914598725775735,-0.007542734542249882,0.0,0.004632673317815657,0.013538992526880216,0.019048800084186503,False,False,1.0000000000000004,0.2,0.2,0.2,0.2,0.2,4.123427918446489e-16,3.7299157409246694e-17,0.5012156390225998,0.4987843609773998,8.752011753648479e-17,6.166919115970031e-16,0.0,0.7590006920860087,0.2409993079139901,5.402205306734013e-16,9.26380747244491e-17,0.0,0.4980553413877171,0.5019446586122829,0.0
2016-09-30,2016-09-30,2016-10-31,Bull,Bull,0.6509082118426143,0.2752857377296647,0.0738060504277207,-0.034032013779318686,-0.030495107197243944,-0.023391179714419404,-0.029985362536908533,0.0,0.0033503374072569626,0.024552549187855835,0.04818720744625433,False,False,0.926193949572279,0.2,0.2,0.2,0.2,0.2,4.3700445595080675e-17,5.4369983544204426e-17,0.5028908077262281,0.49710919227377154,1.2142549935327026e-16,3.836283812068088e-16,0.0,0.7712769666799366,0.22872303332006277,1.4683254532600332e-16,4.3349462890736767e-16,0.0,0.5221489451108439,0.47785105488915564,0.0
2016-10-31,2016-10-31,2016-11-30,Bull,Bull,0.5613733944860525,0.3750530504752167,0.0635735550387312,-0.03268686036827575,-0.021778310864125558,0.012186102628502973,-0.026031060137432456,0.0,0.0088600148391267,0.043034494149952626,0.10114560207622461,False,False,0.9364264449612691,0.2,0.2,0.2,0.2,0.2,3.951677847139839e-16,4.610609510201164e-18,0.5073208151457911,0.4926791848542083,1.7938191568976468e-16,1.559115587903262e-16,0.0,0.792794213754913,0.2072057862450869,0.0,3.4789924071939927e-16,0.0,0.4715761440727317,0.5284238559272679,5.914159220581482e-17
2016-11-30,2016-11-30,2016-12-31,Bull,Bull,0.7422388491971836,0.1949902846398395,0.0627708661629775,0.014345894836951856,0.008456148213551323,0.016092955299299345,0.010538274790689584,0.0,0.03623579733250851,0.07874129995849492,0.2749789829986758,False,False,0.9372291338370231,0.2,0.2,0.2,0.2,0.2,0.0,0.0,0.5254387138120453,0.4745612861879546,0.0,3.240574636845855e-16,6.408303289284176e-16,0.8321648637341597,0.16783513626583946,9.56040005230897e-18,4.1942551564308143e-14,2.6733821287298794e-14,0.609065635571988,0.39093436442793006,1.3305368633472092e-14
2016-12-31,2016-12-31,2017-01-31,Bull,Bull,0.7826004188917175,0.2155261217820701,0.0018734593262119,0.022240399211966765,0.013295470874424063,0.01629574509221887,0.014031261526309298,0.0,0.005946197511013329,0.007781761811476276,0.01041375238725655,False,False,0.9981265406737876,0.2,0.2,0.2,0.2,0.2,0.0,0.0,0.528411812567552,0.47158818743244796,0.0,0.0,0.0,0.8360557446398977,0.16394425536010224,0.0,0.0,0.0,0.6038587593784417,0.3961412406215583,0.0
2017-01-31,2017-01-31,2017-02-28,Bull,Bull,0.8047799191422619,0.1632360545458264,0.0319840263119111,0.026795540562211295,0.028275385265990924,0.03533762214729776,0.030939274320116186,0.0,0.003434185618648481,0.009419383472209076,0.0797796428421272,False,False,0.9680159736880882,0.2,0.2,0.2,0.2,0.2,0.0,0.0,0.5301289053768763,0.4698710946231238,3.668391812405047e-17,4.187240419385631e-16,0.0,0.8313460529037932,0.16865394709620596,3.5295957814460477e-16,1.2689533566950217e-15,2.7081008139796436e-16,0.6437485807995029,0.3562514192004947,8.050543361951923e-16
2017-02-28,2017-02-28,2017-03-31,Bull,Bull,0.7909164043554319,0.1108644440239245,0.0982191516206441,-0.00029970300351629426,-0.002401951573196991,-0.000136029311341597,-0.0012127878934788713,0.0,0.0035181736420414286,0.017961796544402768,0.08116562069680924,False,False,0.9017808483793563,0.2,0.2,0.2,0.2,0.2,2.0491842054819406e-16,0.0,0.5318879921978967,0.46811200780210305,2.4042290160589615e-17,0.0,0.0,0.8223651546315925,0.17763484536840735,0.0,0.0,3.39808908058747e-16,0.6843313911479075,0.3156686088520922,0.0
2017-03-31,2017-03-31,2017-04-30,Bull,Bull,0.7424276447063285,0.1604775729274278,0.0970947823662436,0.013917699733859925,0.012634678908354798,0.010941146419092078,0.012060468690836958,0.0,0.003217216523137631,0.00567072805440199,0.10385894428309908,False,False,0.9029052176337563,0.2,0.2,0.2,0.2,0.2,3.397310783231005e-16,2.7312680814898873e-17,0.5334966004594655,0.4665033995405343,0.0,1.4825925892343926e-15,0.0,0.8252005186587917,0.1747994813412064,3.694428502244243e-16,4.2026186967292224e-15,2.4904194666337113e-15,0.632401919006358,0.3675980809936328,2.6076799983214166e-15
2017-04-30,2017-04-30,2017-05-31,Bull,Bull,0.8366168112096005,0.1296727563613179,0.0337104324290813,0.011985231057535638,0.0163412074909782,0.014983675306590047,0.015695730556022424,0.0,0.002082134110563773,0.015828331700313954,0.07096890913657258,False,False,0.9662895675709184,0.2,0.2,0.2,0.2,0.2,4.639235698880841e-16,7.795872807891622e-17,0.5324555334041835,0.4675444665958159,8.198864778894142e-17,0.0,2.9610878051622704e-16,0.8172863528086366,0.18271364719136307,0.0,0.0,0.0,0.6678863735746442,0.3321136264253557,0.0
2017-05-31,2017-05-31,2017-06-30,Bull,Bull,0.8484009046236884,0.1325807479889557,0.0190183473873562,0.003605019756255268,0.007098781151758002,0.006671253747802444,0.006899483608536478,0.0,0.002774813705899974,0.018366062179110968,0.01534926720703328,False,False,0.9809816526126441,0.2,0.2,0.2,0.2,0.2,1.1682507213426892e-16,8.3518258219345e-17,0.5310681265512339,0.46893187344876586,8.64214912243342e-18,6.884945387187042e-16,3.941042653788562e-18,0.8081033217190815,0.1918966782809173,6.614400897550638e-16,0.0,0.0,0.6602117399711276,0.33978826002887236,0.0
2017-06-30,2017-06-30,2017-07-31,Bull,Bull,0.8337892532695976,0.1604449503712195,0.0057657963591827,0.015202286189665749,0.007829912627963929,0.015311910028066965,0.010614244322269175,0.0,9.08130850050408e-05,0.002562718211694136,0.05299353071510249,False,False,0.9942342036408172,0.2,0.2,0.2,0.2,0.2,0.0,0.0,0.5311135330937364,0.46888646690626357,4.5210493203818344e-17,9.053510689536121e-16,0.0,0.8068219626132346,0.19317803738676398,3.446819898730915e-16,0.0,0.0,0.6337149746135764,0.36628502538642366,0.0
2017-07-31,2017-07-31,2017-08-31,Bull,Bull,0.8721076093570936,0.1144716956685398,0.0134206949743666,0.015186510445318649,0.0174366308001867,0.00883303844349332,0.012924725788199911,0.0,0.006128336300276738,0.006773667733955739,0.0904384916351133,False,False,0.9865793050256334,0.2,0.2,0.2,0.2,0.2,0.0,2.260481960211034e-16,0.5341777012438745,0.4658222987561252,7.580010933877477e-17,0.0,5.298343849748557e-17,0.8102087964802125,0.18979120351978745,0.0,0.0,0.0,0.678934220431133,0.321065779568867,0.0
2017-08-31,2017-08-31,2017-09-30,Bull,Bull,0.837644202256633,0.1432362705213023,0.0191195272220651,-0.002860399802937707,-0.0002538861872502295,0.011322718913315776,0.0045056478405354535,0.0,0.009072979427406633,0.02738122474745865,0.07914171246800644,False,False,0.9808804727779353,0.2,0.2,0.2,0.2,0.2,5.071469960838808e-16,0.0,0.5296412115301714,0.4703587884698278,2.1722674599720943e-16,9.413845956665659e-16,0.0,0.7965181841064832,0.20348181589351558,2.7437111167415424e-16,0.0,0.0,0.6393633641971298,0.3606366358028702,0.0
2017-09-30,2017-09-30,2017-10-31,Bull,Bull,0.933175608799718,0.0552788421633628,0.0115455490369189,0.004355356984655878,0.012432568563647913,0.01887032266904658,0.01726969061245059,0.0,0.01111217127657414,0.014972842188872869,0.195614253230959,False,False,0.9884544509630807,0.2,0.2,0.2,0.2,0.2,0.0,9.811565742903082e-17,0.5351972971684584,0.46480270283154146,6.207049415623858e-17,0.0,0.0,0.8040046052009197,0.19599539479908035,0.0,0.0,1.7989858970021179e-16,0.7371704908126091,0.2628295091873907,0.0
2017-10-31,2017-10-31,2017-11-30,Bull,Bull,0.8087870156023789,0.1052993728583923,0.0859136115392283,0.015019231337441319,0.019863621228208,0.026032203510096753,0.023034116404329792,0.0,0.004385067184247141,5.018262009356955e-05,0.12546903455395864,False,False,0.9140863884607712,0.2,0.2,0.2,0.2,0.2,0.0,2.6131834483045484e-16,0.5373898307605819,0.462610169239418,0.0,0.0,0.0,0.8040296965109665,0.19597030348903358,0.0,7.235334303536674e-16,7.845541132487698e-18,0.6744359735356299,0.3255640264643692,0.0
2017-11-30,2017-11-30,2017-12-31,Bull,Bull,0.8570717705374307,0.0758849416214926,0.0670432878410764,0.012665113049143417,0.014891808270418869,0.01332030480493944,0.013881652916783492,0.0,0.00360621187921954,0.00568072644597863,0.0663341350781887,False,False,0.9329567121589233,0.2,0.2,0.2,0.2,0.2,0.0,0.0,0.5391929367001915,0.46080706329980836,0.0,2.07474781503226e-16,6.191174303525868e-17,0.8011893332879771,0.1988106667120223,3.3241412674151483e-16,0.0,0.0,0.7076030410747244,0.29239695892527573,0.0
2017-12-31,2017-12-31,2018-01-31,Bull,Bull,0.8451871193339804,0.0879915308047118,0.0668213498613072,0.012763698124224133,0.015335754692182468,0.0382298284132242,0.02876591317055267,0.0,0.0011431460057918165,0.010169580195447586,0.03587295806614507,False,False,0.9331786501386922,0.2,0.2,0.2,0.2,0.2,3.240676477178316e-16,4.317590916048688e-17,0.5386213636972957,0.461378636302704,4.239481845349995e-17,0.0,0.0,0.7961045431902537,0.20389545680974602,1.870651655104758e-16,4.432925648421271e-16,8.121804674027229e-17,0.6896665620416518,0.3103334379583474,2.751515890999695e-16
2018-01-31,2018-01-31,2018-02-28,Bull,Neutral,0.9215489895734232,0.063020727836936,0.0154302825896405,-0.04253202477953764,-0.03366788171514145,-0.03521648010404536,-0.03476861366565624,0.0,0.017123060395719,0.02302601191308048,0.08526260597071438,False,False,0.9845697174103593,0.2,0.2,0.2,0.2,0.2,2.770901028000247e-16,0.0,0.5471828938951552,0.45281710610484455,0.0,3.025550848754313e-16,4.564371348842588e-18,0.8076175491467936,0.19238245085320596,0.0,2.0613445318777594e-16,0.0,0.732297865027009,0.26770213497299084,0.0
2018-02-28,2018-02-28,2018-03-31,Neutral,Neutral,0.6908758858475752,0.2728498144327109,0.0362742997197136,0.00760360740254793,-0.00197654382064826,0.028104114939649455,-0.0019608745258418115,0.0,0.002600821290735275,1.5287028464236765,0.3733903108722488,False,False,0.9637257002802861,0.2,0.2,0.2,0.2,0.2,0.0,8.657398573776061e-17,0.5458824832497878,0.4541175167502121,0.0,0.0,0.0326449978861604,0.04326612593495579,0.6663237526019932,0.25776512357689074,3.655288477861087e-16,1.3418367843458232e-16,0.5456027095908846,0.45439729040911486,6.637604344024314e-17
2018-03-31,2018-03-31,2018-04-30,Neutral,Neutral,0.6123885524010061,0.3744123221594537,0.0131991254395397,-0.0003651387114400607,-0.006876906149080395,-0.011822218095511742,-0.008382801113289599,0.0,0.01654173266370746,0.08653225186991148,0.13159851901610323,False,False,0.9868008745604597,0.2,0.2,0.2,0.2,0.2,0.0,8.143590329597929e-18,0.5376116169179342,0.4623883830820658,9.5538542649746e-17,0.0,0.034996847829718035,1.203715249597507e-17,0.6672908001117264,0.2977123520585556,1.8413223842810488e-16,2.4809908349779164e-17,0.4798034500828333,0.5201965499171665,3.5582159323967944e-17
2018-04-30,2018-04-30,2018-05-31,Neutral,Bull,0.5568230456786055,0.4393756418405605,0.0038013124808341,0.010050035233738708,0.02234679079770828,0.024119255565095428,0.021982900736633663,0.0,0.004579817771332758,0.009158638251293264,0.05044669920007315,False,False,0.996198687519166,0.2,0.2,0.2,0.2,0.2,0.0,1.3079732761991289e-16,0.5399015258036004,0.46009847419639943,0.0,1.4230932939179377e-17,0.03041752870407139,4.33997378200821e-17,0.6682546106557166,0.301327860640212,1.3330552548261375e-17,0.0,0.45458010048279696,0.545419899517203,2.2329089830533127e-17
2018-05-31,2018-05-31,2018-06-30,Bull,Bull,0.4863368506472764,0.5136631493527235,0.0,0.00044792012211074587,0.006076435982776729,0.00588765854627256,0.007901049519617,0.0,0.001265697989436891,1.6124304266821525,0.15882522717389908,False,False,0.9999999999999999,0.2,0.2,0.2,0.2,0.2,3.1716119753290224e-18,2.6244287091398454e-17,0.5392686768088821,0.4607313231911179,1.8411274773137644e-17,3.5110849902740605e-17,0.0,0.8062152133410763,0.1937847866589237,0.0,2.532960628235108e-16,0.0,0.37516748689584745,0.5767904989279133,0.048042014176239045
2018-06-30,2018-06-30,2018-07-31,Bull,Bull,0.6936743500424485,0.3026855153494783,0.0036401346080736,0.0069590063586432395,0.0133337449142744,0.02691892773984766,0.01295196004295895,0.0,0.0009411781590154623,0.006383383117674111,0.31241012831259857,False,False,0.9963598653919268,0.2,0.2,0.2,0.2,0.2,3.6270671639312656e-16,0.0,0.5387980877293743,0.46120191227062507,1.4021814709242188e-16,1.6811331820792405e-16,1.1523378501372377e-16,0.8030235217822391,0.19697647821776043,0.0,0.0,0.0,0.5313725510521466,0.4686274489478531,2.3325260644058043e-16
2018-07-31,2018-07-31,2018-08-31,Bull,Bull,0.5954813707379555,0.4045186292620448,0.0,0.00541051602913143,0.023340300379331307,0.0283045023348156,0.022011127637255577,0.0,0.00964340597590461,0.009317570728049458,0.11691181404314485,False,False,1.0000000000000002,0.2,0.2,0.2,0.2,0.2,2.4580283236892233e-16,0.0,0.5436197907173267,0.4563802092826731,0.0,0.0,3.970950618782337e-16,0.8076823071462637,0.19231769285373596,0.0,6.674412106491482e-17,5.743498056482382e-17,0.4729166440305743,0.5270833559694253,1.1193329384971887e-16
2018-08-31,2018-08-31,2018-09-30,Bull,Bull,0.5629135420345276,0.4334442011592635,0.003642256806209,-0.009259187661379897,-0.009820842793559482,-0.0008653993023022263,-0.012848059916257483,0.0,0.0010994446577996103,0.009204290119555564,0.032533890277153234,False,False,0.9963577431937911,0.2,0.2,0.2,0.2,0.2,0.0,3.7763253319488107e-16,0.5441695130462261,0.4558304869537735,0.0,6.573157428740126e-16,7.623240025209918e-17,0.8030801620864861,0.19691983791351295,7.641137344156883e-17,0.0,5.987745159858879e-17,0.4566496988919979,0.5433503011080021,9.195498436342099e-17
2018-09-30,2018-09-30,2018-10-31,Bull,Neutral,0.737752174445799,0.2622478255542006,0.0,-0.03756028773700715,-0.05115560488646535,-0.061651565976353837,-0.051795444797488384,0.0,0.009676974002310034,0.01930590152599238,0.21687027575995557,False,False,0.9999999999999996,0.2,0.2,0.2,0.2,0.2,1.0493898196126488e-16,0.0,0.549008000047381,0.45099199995261896,6.152326695528236e-17,5.669324660292729e-16,6.046062773082282e-17,0.8127331128494822,0.18726688715051693,2.2456948023850777e-16,0.0,0.0,0.5650848367719756,0.43491516322802437,0.0
2018-10-31,2018-10-31,2018-11-30,Neutral,Neutral,0.6342918311130117,0.3657081688869886,0.0,0.018300557082026273,0.01824201691974884,0.02545779437301071,0.018203810439794754,0.0,0.0058292587080729305,1.6254662256989654,0.1508696912344711,False,False,1.0000000000000002,0.2,0.2,0.2,0.2,0.2,5.597037826293868e-17,0.0,0.5460933706933445,0.4539066293066551,2.832052865057201e-16,0.0,0.05134571132614915,1.2791132700986876e-16,0.6600341451796928,0.28862014349415793,1.441598444155215e-16,0.0,0.4896499911547401,0.5103500088452598,3.8371087528528016e-18
2018-11-30,2018-11-30,2018-12-31,Neutral,Neutral,0.5268080083627983,0.4731919916372016,0.0,-0.022622050733865695,-0.02107138618340317,0.017044061868423378,-0.004619389024716609,0.0,0.006030954150836795,0.01769937987548776,0.2791366289627152,False,False,0.9999999999999999,0.2,0.2,0.2,0.2,0.2,0.0,7.90548269506296e-17,0.5430778936179265,0.4569221063820734,0.0,1.774624023610355e-16,0.04649819075086286,0.0,0.6560319758172354,0.29746983343190164,1.1811432025996792e-16,5.051578795989429e-17,0.3500816766733826,0.5641691125599961,0.08574921076662124
2018-12-31,2018-12-31,2019-01-31,Neutral,Neutral,0.3638836549394851,0.6361163450605146,0.0,0.059522551812637395,0.04365578638198563,0.035512976771217945,0.03747997294584457,0.0,0.040793046749975026,0.07861966575409284,0.4846405140716358,False,False,0.9999999999999998,0.2,0.2,0.2,0.2,0.2,6.946628706131413e-17,3.354335607841378e-17,0.522681370242939,0.4773186297570609,0.0,4.27485209708439e-17,0.08375569784866677,6.885598912599924e-17,0.6580843015964778,0.25816000055485533,1.3886675419726934e-16,0.0346799465091124,0.10776141963756461,0.6431609559013177,0.21439767795200512
2019-01-31,2019-01-31,2019-02-28,Neutral,Bull,0.4065480967893787,0.5447273012310004,0.0487246019796207,0.008976026512074298,0.010553476419323079,-0.0073117578103243114,-0.0006676247845359115,0.0,0.007799522926736999,0.04705207444112722,0.186796306179312,False,False,0.9512753980203792,0.2,0.2,0.2,0.2,0.2,4.6781136480825666e-17,1.5262593555219163e-16,0.5265811317063074,0.4734188682936924,0.0,0.0,0.08577187613685991,0.0,0.6345582643759143,0.27966985948722584,9.618607668953667e-18,0.02311571539474193,0.2011595727272206,0.6005395721062085,0.17518513977182898
2019-02-28,2019-02-28,2019-03-31,Bull,Bull,0.5731173292468394,0.4137207199706103,0.0131619507825497,0.02183864047996491,0.03573584449331482,0.024579071232486007,0.03976821442584414,0.0,0.009188530495955905,1.6555455253861824,0.4111415675074261,False,False,0.9868380492174498,0.2,0.2,0.2,0.2,0.2,2.6804094251790646e-17,7.318365622823627e-17,0.5311753969542854,0.4688246030457146,0.0,2.7044428944484913e-16,4.3398460685137476e-16,0.827772762693091,0.17222723730690795,4.869851129767739e-16,2.736606007993673e-16,0.0,0.40673035648093336,0.5453973113495864,0.047872332169479954
2019-03-31,2019-03-31,2019-04-30,Bull,Bull,0.510812363522398,0.489187636477602,0.0,0.008397042908894158,0.011980409377717723,0.029208984607642527,0.0007350799451654502,0.0,0.012661251216609118,0.03878522544007835,0.20142418749476015,False,False,1.0,0.2,0.2,0.2,0.2,0.2,4.669072897028755e-16,0.0,0.5248447713459808,0.47515522865401866,0.0,2.3356062744347075e-16,0.0,0.8083801499730524,0.1916198500269471,3.1188760022973288e-16,1.0705928535878866e-16,0.0,0.30601826273355354,0.5818863520921006,0.11209538517434586
2019-04-30,2019-04-30,2019-05-31,Bull,Bull,0.5397926676583106,0.4602073323416892,0.0,-0.005350151976951789,-0.001757421110364872,-0.03910098496319365,0.01625375318921051,0.0,0.011872436360909244,0.009911042699941612,0.0984679197550816,False,False,0.9999999999999998,0.2,0.2,0.2,0.2,0.2,2.7624371617145573e-16,1.5370816333524676e-16,0.5307809895264354,0.4692190104735643,0.0,6.672912883594779e-16,4.486338014062065e-16,0.813335671323022,0.1866643286769763,6.773054198891799e-16,2.1452502506702398e-16,2.051788523761054e-17,0.3552522226110942,0.5673348171100925,0.07741296027881316
2019-05-31,2019-05-31,2019-06-30,Bull,Bull,0.6898648069803578,0.2986219182138822,0.0115132748057596,0.04675529550486051,0.0405186132482993,0.05706791843417088,0.04018671600869826,0.0,0.02911739396610852,0.04336611934436594,0.31089259900560995,False,False,0.98848672519424,0.2,0.2,0.2,0.2,0.2,1.0763793433261365e-16,0.0,0.5162222925433815,0.4837777074566185,6.864785827576353e-17,1.937421731897557e-15,6.606690494688014e-16,0.791652611650839,0.2083473883491572,1.2565980308569257e-15,3.004107932625971e-17,2.8161803673651626e-17,0.5106985221138991,0.4893014778861008,0.0
2019-06-30,2019-06-30,2019-07-31,Bull,Bull,0.6965623487527398,0.2958189203846267,0.0076187308626333,0.003066746995883163,0.009093614094629261,0.012466452206166701,0.00903913221128875,0.0,0.007614129349435181,0.0059387437822312735,0.009982469485696038,False,False,0.9923812691373666,0.2,0.2,0.2,0.2,0.2,0.0,5.5291176554810497e-17,0.5200293572180988,0.47997064278190094,1.3605545652208712e-16,0.0,0.0,0.7886832397597272,0.21131676024027282,0.0,0.0,0.0,0.5156897568567471,0.4843102431432529,5.704035326993594e-17
2019-07-31,2019-07-31,2019-08-31,Bull,Neutral,0.7029492484502506,0.2970507515497492,0.0,0.038218688293392214,0.044175558035352475,0.010154467718397819,0.044871522303733744,0.0,0.0023565296260033273,0.00017046497220001608,9.580149259032824e-05,False,False,0.9999999999999998,0.2,0.2,0.2,0.2,0.2,1.5506049464529016e-16,0.0,0.5212076220311004,0.4787923779688994,1.7411373255325566e-16,0.0,0.0,0.7885980072736272,0.21140199272637258,2.1412520626811031e-16,0.0,1.1202122353900177e-17,0.5157376576030422,0.4842623423969577,4.8339553571718157e-17
2019-08-31,2019-08-31,2019-09-30,Neutral,Bull,0.5339015430625776,0.4660984569374221,0.0,0.001924406888567165,-0.0033727072583484507,-0.01452011468572103,-0.00797141547583656,0.0,0.029534588870859437,1.5771960145472543,0.38842182492111665,False,False,0.9999999999999998,0.2,0.2,0.2,0.2,0.2,3.838829940891438e-16,0.0,0.5064403275956708,0.49355967240432896,1.0233483798765335e-16,3.122562486481956e-17,0.09086938153642148,0.0,0.6285058369668005,0.280624781496778,1.367733159325598e-16,0.016036943690600908,0.3215267451424839,0.5741058703653482,0.08833044080156681
2019-09-30,2019-09-30,2019-10-31,Bull,Bull,0.5951449978093275,0.404855002190672,0.0,0.01635170770171093,0.005907265897587017,0.014640481201409181,0.0034704886200841783,0.0,0.012457853205113114,1.5508505388992075,0.18363167016254012,False,False,0.9999999999999996,0.2,0.2,0.2,0.2,0.2,1.3908154888127772e-16,5.749337418037492e-19,0.5126692541982272,0.48733074580177255,1.9037353316663342e-16,2.1558601781789923e-16,0.0,0.7754252694496035,0.22457473055039565,4.836691729710496e-16,6.943337709863468e-17,0.0,0.41334258022375403,0.5480490370011741,0.03860838277507187
2019-10-31,2019-10-31,2019-11-30,Bull,Bull,0.6379377531958523,0.3620622468041479,0.0,-0.0003458241226565354,0.016699328492951283,0.0272644124697452,0.014633049574262952,0.0,0.0062166683037725035,0.005427729290068224,0.10537377482608848,False,False,1.0000000000000002,0.2,0.2,0.2,0.2,0.2,0.0,2.03452189121951e-17,0.5157775883501134,0.48422241164988666,0.0,3.3418032175642156e-16,1.224799853397523e-16,0.7781391340946375,0.22186086590536191,2.1274826268146665e-16,0.0,4.315381225827675e-17,0.4660294676367982,0.5269539415752409,0.007016590787960924
2019-11-30,2019-11-30,2019-12-31,Bull,Bull,0.6514400158535143,0.3485599841464851,0.0,0.014256565581510406,-0.00026005228952788277,0.015649754125130998,-0.002540040080588777,0.0,0.007771673900021515,0.004417352988729874,0.03255208280323023,False,False,0.9999999999999993,0.2,0.2,0.2,0.2,0.2,4.0229324750235444e-16,0.0,0.5196634253001238,0.4803365746998759,0.0,0.0,1.7201686403896196e-17,0.7803478105890024,0.21965218941099754,0.0,4.898060728962186e-16,0.0,0.48230550903841285,0.5176944909615867,6.702883131030795e-17
2019-12-31,2019-12-31,2020-01-31,Bull,Bull,0.7627756743862748,0.2353103471191013,0.0019139784946236,0.021112902598120088,0.03620686972448174,0.015878728912639715,0.0331542028867354,0.0,0.013628379616045834,0.018108786922124753,0.16731072274367564,False,False,0.9980860215053761,0.2,0.2,0.2,0.2,0.2,1.2215993381579993e-16,0.0,0.5264776151081466,0.4735223848918532,3.610179831435773e-17,0.0,4.2716613275020913e-16,0.7894022040500642,0.2105977959499352,1.440478965311175e-16,2.7300681708509033e-16,0.0,0.5659608704102507,0.43403912958974916,0.0
2020-01-31,2020-01-31,2020-02-29,Bull,Neutral,0.6477751314234858,0.2554728862067872,0.0967519823697274,-0.03343609192831454,-0.009114654389886508,-0.04556380611581115,-0.009460728082020961,0.0,0.01631880881619029,0.04090855757969583,0.09052601246430542,False,False,0.903248017630273,0.2,0.2,0.2,0.2,0.2,7.908199040015565e-17,0.0,0.5183182107000515,0.4816817892999482,1.512143900669354e-16,1.804453904855387e-16,7.369921147452001e-18,0.7689479252602168,0.23105207473978293,4.647688991044492e-17,4.1899088808851246e-17,3.7351872240372707e-17,0.5206978641780982,0.4793021358219018,0.0
2020-02-29,2020-02-29,2020-03-31,Neutral,Crisis,0.4925613357503623,0.4998007295007652,0.0076379347488723,-0.07966259986055998,-0.031160900745023343,-0.007738480894058833,-0.014253957202446347,0.0,0.030178460152432876,1.537895850520434,0.4799980744969245,False,False,0.9923620652511276,0.2,0.2,0.2,0.2,0.2,7.288009236779067e-16,0.0,0.503228980623835,0.49677101937616397,1.2401894072125502e-16,4.652327187579605e-17,0.07609446915539003,0.0,0.6658995994550795,0.2580059313895305,0.0,0.020215614560783836,0.28069882692963594,0.6069702422043546,0.09211531630522561
2020-03-31,2020-03-31,2020-04-30,Crisis,Crisis,0.4661155028475066,0.3354349071466825,0.1984495900058108,0.07191566567849567,0.06562762856092742,0.040256751208853414,0.039208180305847655,0.0,0.07542957534703663,0.7768675914197769,0.5169741055439353,False,False,0.9999999999999998,0.2,0.2,0.2,0.2,0.2,0.0,5.216844044096764e-17,0.4655141929503176,0.5344858070496823,2.931336359567662e-17,2.7784746693813764e-15,0.46452826486527576,0.0,0.5354717351347215,3.507197243979759e-17,4.9201192335680795e-17,0.229964362889017,0.11432709046289395,0.6557085466480891,0.0
2020-04-30,2020-04-30,2020-05-31,Crisis,Neutral,0.6338559742123754,0.3365225562048949,0.02962146958273,0.025503925238489523,0.012961556904063136,0.011506498510571072,0.009605053104041193,0.0,0.006106790088013682,0.3250972194579824,0.5782283135902027,False,False,1.0000000000000002,0.2,0.2,0.2,0.2,0.2,4.330879014987536e-17,1.4756307549395015e-16,0.4685675879943243,0.5314324120056755,0.0,0.0,0.5421927446769557,0.08488412991731127,0.372923125405733,0.0,6.658201880039873e-17,0.020549942539301817,0.40344124725799524,0.5760088102027029,0.0
2020-05-31,2020-05-31,2020-06-30,Neutral,Neutral,0.4341408553793572,0.5316698164938463,0.0341893281267968,0.021567764907027033,0.010160456222053844,0.01089590234351644,0.010011803040219234,0.0,0.00861698086351177,1.0889787759168306,0.2804298739567311,False,False,1.0000000000000002,0.2,0.2,0.2,0.2,0.2,0.0,5.278063814929769e-17,0.47287607842608015,0.5271239215739197,4.0423581056545503e-17,4.1385035840002925e-18,0.08258748663585172,0.0,0.6517995592051953,0.2656129541589531,2.5765696530302416e-17,0.07394448453882511,0.2632263102796298,0.6107208165070429,0.05210838867450227
2020-06-30,2020-06-30,2020-07-31,Neutral,Bull,0.2424702424899475,0.7455911720222876,0.0119385854877645,0.053390640493866215,0.05120493131666654,0.04852260705341264,0.04954963479232114,0.0,0.0031222960600799025,0.03150771780582959,0.3729959854785736,False,False,0.9999999999999997,0.2,0.2,0.2,0.2,0.2,2.1317638443498194e-17,1.108593217723771e-17,0.4713149303960403,0.5286850696039597,0.0,6.887819421127567e-17,0.09834134553876643,0.0,0.6395562692329472,0.2621023852282864,3.6656168356541763e-17,0.08988966549583094,0.07672831754034291,0.6278188126163091,0.205563204347517
2020-07-31,2020-07-31,2020-08-31,Bull,Bull,0.374956828448333,0.6132042217119615,0.0118389498397058,0.013547831824374357,0.006167831617387623,0.041438183534674225,-0.013068117639085535,0.0,0.03848489715150642,1.5283858520554838,0.32438066866659454,False,False,1.0000000000000004,0.2,0.2,0.2,0.2,0.2,3.5467639161484467e-17,0.01924244857575292,0.46335871965252995,0.5173988317717167,2.46498585539644e-16,0.0,7.575492126761984e-17,0.764192926027742,0.23580707397225797,1.0797812565849678e-16,0.0,0.09183044401868122,0.2369778733507899,0.5880988452734575,0.08309283735707143
2020-08-31,2020-08-31,2020-09-30,Bull,Neutral,0.4856616583479718,0.4603204101299742,0.0540179315220538,-0.023706870208013056,-0.014503330284575398,-0.027409133744538367,-0.012264939760265216,0.0,0.022707044857218143,0.02739049000879247,0.20626028188676993,False,False,0.9999999999999999,0.2,0.2,0.2,0.2,0.2,7.934131740801562e-18,0.015997961859045704,0.47471224208113905,0.5092897960598152,2.30090583845675e-17,0.0,3.070523371173098e-17,0.7778881710321383,0.22211182896786189,0.0,1.3001407534044645e-16,0.11360087085764273,0.3183375874552133,0.568061541687144,3.9392658751875516e-17
2020-09-30,2020-09-30,2020-10-31,Neutral,Neutral,0.4798973941793134,0.5088003333552281,0.0113022724654584,-0.025900438194953003,-0.02944196133133134,-0.029533368555488264,-0.0290604228514062,0.0,0.02144026343937324,1.5557763420642763,0.10547133668878768,False,False,0.9999999999999999,0.2,0.2,0.2,0.2,0.2,8.631206878561237e-17,0.0065615506004242236,0.4734285216200739,0.5200099277795017,3.13413769655713e-17,3.9479298211488417e-17,0.1183472817300946,0.0,0.639948577359113,0.24170414091079237,1.758499554737938e-16,0.060865202513248805,0.3309093191063213,0.5831016677981885,0.02512381058224117
2020-10-31,2020-10-31,2020-11-30,Neutral,Bull,0.3539240123576267,0.6221417798971982,0.0239342077451754,0.06215469264192501,0.059641506881715746,0.025977103037878563,0.03389952813566575,0.0,0.004198220994794364,0.026866854079150466,0.2705627117267637,False,False,1.0000000000000002,0.2,0.2,0.2,0.2,0.2,3.174246541731888e-17,0.00866066109782143,0.47336341428490175,0.5179759246172768,5.163660826711868e-17,2.5615498610282868e-17,0.13178070876966977,2.071834043965582e-17,0.6353154294784392,0.23290386175189093,6.943432283529654e-17,0.111575637871702,0.19562796324293957,0.6038359858065184,0.08896041307883991
2020-11-30,2020-11-30,2020-12-31,Bull,Bull,0.5456738264961047,0.4131555168257547,0.0411706566781408,0.034481100996120805,0.011525210665402531,0.025892329295790044,0.01049219015883321,0.0,0.018364600071727404,1.5476443248562004,0.3578909085216701,False,False,1.0000000000000002,0.2,0.2,0.2,0.2,0.2,2.03469280800907e-17,0.0,0.48254571432076543,0.5174542856792346,1.3418536234216544e-17,3.063888850813276e-16,0.0,0.7738221624281,0.22617783757189952,3.132128807576588e-16,0.0,0.05208625149850769,0.3745734175037746,0.5733403309977176,0.0
2020-12-31,2020-12-31,2021-01-31,Bull,Neutral,0.5040142103611482,0.4853540616028389,0.0106317280360128,-0.01724321301670557,-0.02365366253469215,-0.016035585000459623,-0.02580708857471909,0.0,0.013811543489954578,0.005100980373213216,0.03624984475677001,False,False,0.9999999999999999,0.2,0.2,0.2,0.2,0.2,5.3973443976118536e-17,0.005383127127843481,0.4840683589378992,0.5105485139342573,7.581922564669834e-18,4.783726545575554e-16,0.0,0.7763726526147059,0.22362734738529289,8.083481233549317e-16,5.4717574061319295e-17,0.037440408731125606,0.3828682869262112,0.5698612513867148,0.00983005295594845
2021-01-31,2021-01-31,2021-02-28,Neutral,Neutral,0.4433426222972641,0.5435777560610209,0.0130796216417151,-0.00709250191267545,-0.015713511898706192,-0.033839790606614066,-0.02657986628710455,0.0,0.009622905765990298,1.5527453052294127,0.16438984878688934,False,False,1.0,0.2,0.2,0.2,0.2,0.2,2.1171535038099516e-16,0.0008947989894849445,0.4888798118208942,0.5102253891896207,2.503124354572952e-17,0.0,0.08790631498358106,0.0,0.6505739945538191,0.2615196904625999,2.0006311780032838e-18,0.050417919655590025,0.3006733625327666,0.5897696275985299,0.05913909021311364
2021-02-28,2021-02-28,2021-03-31,Neutral,Bull,0.4401136873515636,0.5210260001166309,0.0388603125318054,0.011633018437414933,-0.0036524550599589325,-0.020596662872150236,-0.016153244947636685,0.0,0.019671423758179967,0.05602731945882734,0.08462955239367445,False,False,1.0,0.2,0.2,0.2,0.2,0.2,8.763353920122761e-18,5.4443924101101207e-17,0.4987155236999842,0.5012844763000158,0.0,1.745487245897433e-17,0.059892655254167405,0.0,0.6573470244959817,0.282760320249851,0.0,0.06581536673958924,0.32549721997875963,0.5918630992653748,0.01682431401627635
2021-03-31,2021-03-31,2021-04-30,Bull,Bull,0.4457040404170089,0.5194566020510185,0.0348393575319725,0.04432335046766616,0.03915736590105088,0.04690520809616829,0.036568307206941104,0.0,0.01879478837026397,1.5704390305727098,0.038418662511781054,False,False,1.0,0.2,0.2,0.2,0.2,0.2,0.0,2.1695078460566902e-17,0.508112917885116,0.49188708211488386,1.0159215792108229e-16,0.0,0.0,0.7852195152863549,0.21478048471364516,0.0,1.2323945565417481e-17,0.06235094482169936,0.3287038259132978,0.5761181899273742,0.03282703933762871
2021-04-30,2021-04-30,2021-05-31,Bull,Bull,0.4356380544035744,0.2029780758614947,0.361383869734931,0.02525381349159943,0.0033510106249118915,0.005140433820838397,0.030637822234923902,0.0,0.0011322895577372753,0.006184139987478965,0.645717941456838,False,False,1.0,0.2,0.2,0.2,0.2,0.2,1.754724918713186e-16,0.0,0.5086790626639844,0.4913209373360153,0.0,0.0,0.0,0.7821274452926154,0.21787255470738456,0.0,3.713404362629156e-17,0.3852099155501183,0.15988365283046296,0.4549064316194187,0.0
2021-05-31,2021-05-31,2021-06-30,Bull,Bull,0.5717796356097877,0.2320133733107099,0.1962069910795029,0.0021473784175844324,0.031950084913276104,0.027083233082860866,0.009185031093028337,0.0,0.02176265904764317,0.00788286149311807,0.2591462775967014,False,False,1.0000000000000004,0.2,0.2,0.2,0.2,0.2,2.0268878401775006e-16,0.010881329523821606,0.504607560606867,0.48451110986931123,0.0,8.634521178963448e-16,1.002564756330645e-16,0.7860688760391727,0.2139311239608255,6.497538541060155e-16,0.0,0.25563677675176766,0.24981331651797462,0.4945499067302578,0.0
2021-06-30,2021-06-30,2021-07-31,Bull,Bull,0.5988477275358137,0.2203545890913014,0.1807976833728844,0.027763661846599817,0.03070845027986579,0.02725550000494129,0.031127880299832832,0.0,0.021762659047643504,0.01795901020039908,0.07792618971805818,False,False,0.9999999999999996,0.2,0.2,0.2,0.2,0.2,6.551276858918504e-17,0.0,0.5063597991454235,0.49364020085457644,0.0,0.0,2.2258954836705735e-16,0.7770893709389748,0.222910629061025,0.0,1.586977019182603e-16,0.2166736818927386,0.27183391728229817,0.5114924008249632,2.5186584984635037e-17
2021-07-31,2021-07-31,2021-08-31,Bull,Bull,0.5956273347687304,0.3128384791185036,0.0915341861127662,0.012321000281008288,0.013324740144229312,0.022070874685695144,0.008470440155893913,0.0,0.003942901446800925,0.01791168608737645,0.211713353357349,False,False,1.0000000000000002,0.2,0.2,0.2,0.2,0.2,2.282093956207632e-16,0.0,0.5043883484220231,0.49561165157797676,0.0,0.0,0.0,0.7681335278952868,0.2318664721047132,0.0,5.170453893170739e-17,0.11081700521406412,0.34919537846012244,0.5399876163258133,5.60294285007742e-17
2021-08-31,2021-08-31,2021-09-30,Bull,Bull,0.6240084645288194,0.3300064965623051,0.0459850389088748,-0.03946799115242686,-0.037958722079088694,-0.04257468829162017,-0.036631754666167686,0.0,0.005006929753977067,0.004005655640607592,0.14885074661297407,False,False,0.9999999999999993,0.2,0.2,0.2,0.2,0.2,8.937123755220403e-17,1.1115340720281067e-17,0.5068918132990113,0.4931081867009883,2.092281561919629e-16,5.744739188998767e-16,2.76087748290823e-16,0.7701363557155894,0.22986364428440942,3.7154620478945424e-16,0.0,0.0420818864300124,0.42362075176660946,0.5342973618033781,0.0
2021-09-30,2021-09-30,2021-10-31,Bull,Bull,0.6325479002937443,0.2895084181780134,0.0779436815282432,0.04254647653559749,0.04778215860287882,0.06004633185659818,0.04108434741419197,0.0,0.002701860543001029,0.015146806959142153,0.08861637090404491,False,False,1.0000000000000009,0.2,0.2,0.2,0.2,0.2,0.0,4.1208095827198195e-17,0.5082427435705119,0.4917572564294882,0.0,0.0,0.0,0.7777097591951604,0.2222902408048394,1.2498287154907853e-16,0.0,0.0842189849713631,0.37931256631458715,0.5364684487140499,1.0343812743183537e-16
2021-10-31,2021-10-31,2021-11-30,Bull,Neutral,0.6773306669479086,0.2902012271556491,0.0324681058964424,-0.01073223364618301,0.009482133390244073,4.3613021460820606e-05,0.010347840443674903,0.0,0.003533926090957395,0.007360466292151464,0.19570507734008885,False,False,1.0,0.2,0.2,0.2,0.2,0.2,3.710251921752664e-17,9.17134786182625e-19,0.5100097066159905,0.4899902933840095,0.0,0.0,2.4822046929632166e-16,0.7740295260490848,0.2259704739509149,0.0,1.2820649588551759e-17,0.00891121288657986,0.4771651049846315,0.5139236821287887,0.0
2021-11-30,2021-11-30,2021-12-31,Neutral,Neutral,0.5347823385612899,0.4464141604882058,0.0188035009505043,0.04001321708220984,0.013586684888183908,0.016975231800061462,0.009118673713730251,0.0,0.0039955055070733485,1.5480590520981696,0.12807042592563178,False,False,1.0,0.2,0.2,0.2,0.2,0.2,0.0,7.280800180832015e-17,0.5080119538624538,0.4919880461375459,1.2292507349067766e-16,0.0,0.055582171893533504,8.620474184227453e-17,0.6529335281490403,0.29148429995742625,0.0,0.017053548871036172,0.41312989202181566,0.5619257179594812,0.007890841147667103
2021-12-31,2021-12-31,2022-01-31,Neutral,Neutral,0.399071467797537,0.5812409464693485,0.0196875857331145,-0.04584684975828395,-0.0461098854811308,-0.0512745915419502,-0.04736797204525215,0.0,0.008941211623329,0.06088316703314299,0.36953355533258514,False,False,1.0,0.2,0.2,0.2,0.2,0.2,0.0,0.0,0.5124825596741183,0.4875174403258815,2.139875966618649e-16,0.0,0.0723958902748186,0.0,0.6224919446324688,0.3051121650927126,1.0070748899012864e-16,0.05430035769501822,0.2283631143555231,0.5767696702946641,0.14056685765479465
2022-01-31,2022-01-31,2022-02-28,Neutral,Neutral,0.3787275380890581,0.5848630067224708,0.0364094551884709,-0.010749724148699659,-0.02311340557909643,-0.015001107242019317,-0.013938162767371483,0.0,0.0038201860894833345,0.03148771421649478,0.08540261502686708,False,False,0.9999999999999999,0.2,0.2,0.2,0.2,0.2,0.0,2.9831141658979223e-17,0.5143926527188599,0.4856073472811401,0.0,1.1273471766727002e-16,0.0861598961258296,8.16354775290996e-17,0.624471795889705,0.2893683079844652,0.0,0.09316242223875405,0.2263138227142394,0.5806089132643617,0.09991484178264483
2022-02-28,2022-02-28,2022-03-31,Neutral,Neutral,0.3453050089458199,0.6309404322970646,0.0237545587571157,0.012740147514160907,-0.006780305439470054,-0.013608809458748466,-0.013246330051489659,0.0,0.02140370985602031,0.12356209177360651,0.18498327871235626,False,False,1.0000000000000002,0.2,0.2,0.2,0.2,0.2,2.2224800161517433e-17,0.010701854928009956,0.5100792610177795,0.4792188840542103,1.233007611335231e-16,0.0,0.14794094201263286,0.0,0.5881608853192464,0.2638981726681208,4.1795789845686496e-17,0.12992007543058168,0.1548020087786357,0.5596290878437873,0.15564882794699533
2022-03-31,2022-03-31,2022-04-30,Neutral,Neutral,0.365606992357425,0.602593574233941,0.0317994334086344,-0.0621960194248884,-0.08925159767260027,-0.0665104420539402,-0.07394661672716034,0.0,0.03352937974609287,0.0851098070532855,0.10357732565031919,False,False,1.0000000000000004,0.2,0.2,0.2,0.2,0.2,1.5471410685452034e-16,0.022504072932855435,0.5150417328859803,0.462454194181164,3.397621225392351e-17,0.0,0.17256494151722368,2.333211847541474e-17,0.5456059817926037,0.28182907669017276,1.3091488698764916e-16,0.1589291562126964,0.17758159082168049,0.5237576065133281,0.13973164645229488
2022-04-30,2022-04-30,2022-05-31,Neutral,Neutral,0.256485113344062,0.7258481730007444,0.0176667136551936,-0.015957265444451064,-0.010004349917640607,-0.031468380064743166,-0.03172932235386617,0.0,0.03021646669664722,0.10620805587328969,0.4104932585382707,False,False,1.0,0.2,0.2,0.2,0.2,0.2,0.0,0.033598864962464836,0.5190551742046944,0.4473459608328405,1.2889249975664028e-16,0.0,0.22566896945386847,0.0,0.5004930320263079,0.27383799851982366,0.0,0.21485898344089202,3.2325862103323337e-18,0.4960925680658734,0.2890484484932345
2022-05-31,2022-05-31,2022-06-30,Neutral,Neutral,0.2724201861898093,0.7001730784277531,0.0274067353824373,-0.05460421396805559,-0.049411193666969076,-0.02975530171595413,-0.029745912966216592,0.0,0.012225078675265035,0.018447292412702272,0.04942782415723694,False,False,0.9999999999999997,0.2,0.2,0.2,0.2,0.2,0.0,0.027486325624832456,0.5247872753777462,0.44772639899742134,9.143797171837117e-17,1.2742382333464517e-16,0.2304383942153298,1.2940796567830044e-16,0.5049472534711974,0.26461435231347247,4.0607858463761536e-17,0.2331453304814965,3.6133426071509134e-17,0.5025201331038873,0.2643345364146161
2022-06-30,2022-06-30,2022-07-31,Neutral,Neutral,0.2077422519850815,0.7232728790428672,0.0689848689720515,0.04567283816780428,0.058156535183884014,0.02529702003164814,0.01630092583802014,0.0,0.00690490128073494,0.07116318070974462,0.23013973346439492,False,False,1.0000000000000002,0.2,0.2,0.2,0.2,0.2,3.5978928541601566e-16,0.02965388892956821,0.5213348247373788,0.4490112863330527,0.0,1.0503275378637434e-16,0.2625679685134467,6.086706427066067e-17,0.5083992695279528,0.22903276195860023,1.0624712818951356e-17,0.348215197213694,0.0,0.4986996594535327,0.15308514333277334
2022-07-31,2022-07-31,2022-08-31,Neutral,Neutral,0.1651624358823491,0.7770949623189483,0.0577426017987024,-0.04741202403801132,-0.042797278580751885,-0.04652088980422798,-0.04382618093400172,0.0,0.031241361643509637,0.14973516749865692,0.1356660740255885,False,False,0.9999999999999998,0.2,0.2,0.2,0.2,0.2,0.0,0.014033208107813704,0.5303095008725777,0.4556572910196086,0.0,0.0,0.18770038476411852,0.0,0.537431436362154,0.2748681788737276,3.558945446256832e-17,0.2803821602008997,0.0,0.5271621969418787,0.19245564285722147
2022-08-31,2022-08-31,2022-09-30,Neutral,Neutral,0.1475874837516894,0.8115073357142523,0.0409051805340586,-0.08492245778394165,-0.08721537086603896,-0.08335204370099325,-0.07686528973765916,0.0,0.016819901605357693,0.04031106118296021,0.015879673004968627,False,False,1.0000000000000002,0.2,0.2,0.2,0.2,0.2,0.0,0.010734110504360765,0.5387194516752565,0.4505464378203827,0.0,0.0,0.2078559153555986,0.0,0.5308357528435944,0.26130833180080704,0.0,0.2763572151308372,0.0,0.523247305509457,0.20039547935970586
2022-09-30,2022-09-30,2022-10-31,Neutral,Neutral,0.1952302036073213,0.7479565522888768,0.0568132441038019,0.01955109093982668,0.018365886146651977,-0.029185478670230816,-0.0317690557214008,0.0,0.02715990178039627,0.2721515673889824,0.24903962125865603,False,False,1.0,0.2,0.2,0.2,0.2,0.2,8.191084558099228e-16,0.013441840366873618,0.5495916727029405,0.43696648693018464,5.261359504593839e-16,0.0,0.34393169905008975,0.0,0.4862341142068993,0.16983418674301087,0.0,0.40087702576016515,2.415168521838556e-17,0.4817085893767819,0.11741438486305286
2022-10-31,2022-10-31,2022-11-30,Neutral,Neutral,0.3511100524568037,0.5565520881968142,0.0923378593463824,0.08103255380093613,0.06254682522777126,0.07474053503713524,0.07323535161436563,0.0,0.04033108556778175,0.17628441432679387,0.3831247169315889,False,False,1.0000000000000004,0.2,0.2,0.2,0.2,0.2,0.0,0.007912952646836804,0.5697572154868313,0.42232983186633155,3.2146061800249477e-16,9.363614561298837e-15,0.39555783352789864,9.225254015162146e-15,0.39809190704350245,0.20635025942858037,2.984943053046848e-16,0.3560653440365351,0.19156235846579417,0.45237229749767033,5.742609040446116e-17
2022-11-30,2022-11-30,2022-12-31,Neutral,Neutral,0.2174308232972847,0.6653508701800246,0.1172183065226909,-0.0245989995708811,-0.04223461633944687,-0.008916814147313358,-0.0029291777726817864,0.0,0.034044307445506156,0.012608604417068368,0.23660847348402217,False,False,1.0000000000000002,0.2,0.2,0.2,0.2,0.2,0.0,0.024935106369589795,0.5542263023216955,0.4208385913087145,1.1639478657739185e-16,0.0,0.39839025308257725,0.0,0.401563789697358,0.20004595722006477,2.3187237961965996e-16,0.4743695807785463,0.09734802025127715,0.42828239897017645,1.926284041106539e-17
2022-12-31,2022-12-31,2023-01-31,Neutral,Neutral,0.1332231164191892,0.8044521949951375,0.0623246885856729,0.0781957057278008,0.0681506677716206,0.06994751218701348,0.06785723291413832,0.0,0.03883714165469139,0.28983908658836893,0.2959131385146334,False,False,0.9999999999999997,0.2,0.2,0.2,0.2,0.2,0.0,0.04435367719693557,0.5498570988664072,0.40578922393665723,0.0,7.015175062815352e-16,0.5433097963767608,2.5369473814874286e-16,0.3207992995965644,0.13589090402667395,0.0,0.5545345047158702,4.826891965021668e-17,0.3776738499641371,0.06779164531999288
2023-01-31,2023-01-31,2023-02-28,Neutral,Neutral,0.114088715907581,0.8025446287902582,0.0833666553021607,-0.0433428760407242,-0.036197831547832814,-0.052712658438675584,-0.05201386290282742,0.0,0.023617779882697074,0.19124008173841922,0.059359512913050416,False,False,0.9999999999999999,0.2,0.2,0.2,0.2,0.2,0.0,0.050821708277518196,0.5380482089250587,0.41113008279742314,0.0,1.9409095644013097e-16,0.44768975550755175,1.8610424681180857e-16,0.3656245834033238,0.1866856610891241,0.0,0.5248547482593449,8.47708479416642e-17,0.39675124707919956,0.07839400466145548
2023-02-28,2023-02-28,2023-03-31,Neutral,Neutral,0.1235729998031692,0.7526558026561153,0.1237711975407151,0.03487366096657938,0.0433682484952239,0.05161104463955872,0.0642038288277053,0.0,0.02904252288986415,0.07077728724075477,0.1109103017189696,False,False,0.9999999999999996,0.2,0.2,0.2,0.2,0.2,0.0,0.039897621584234204,0.5525694703699908,0.40753290804577513,0.0,5.537214849625753e-17,0.4830783991279291,0.0,0.35043233061321993,0.1664892702588509,0.0,0.5803098991188297,6.120666256287712e-17,0.39046259538251166,0.02922750549865864
2023-03-31,2023-03-31,2023-04-30,Neutral,Bull,0.1192057073287532,0.8091726206698708,0.0716216720013758,0.012095034144372319,0.010470054203987772,0.006168625978371933,0.00632679717493646,0.0,0.03840590206103423,0.10882298145358872,0.054470328035988475,False,False,0.9999999999999999,0.2,0.2,0.2,0.2,0.2,0.0,0.05910057261475132,0.5382149771617871,0.4026844502234617,0.0,0.0,0.5374898898547235,0.0,0.33841366007563317,0.12409645006964336,0.0,0.5644138215622443,0.0,0.3791235089211028,0.056462669516652804
2023-04-30,2023-04-30,2023-05-31,Bull,Bull,0.2268616214233425,0.7261983706995446,0.046940007877113,-0.02372860467217273,-0.010420152634421103,-0.002974057003238546,-0.020984407003677763,0.0,0.00302526458778659,1.5633869087925831,0.16256616623570272,False,False,1.0000000000000002,0.2,0.2,0.2,0.2,0.2,0.0,0.06032428546730758,0.538503896603124,0.4011718179295683,0.0,0.0,0.0,0.7816934543962915,0.2183065456037085,0.0,0.0,0.483130738444393,0.05150850859198322,0.3906850078415388,0.07467574512208504
2023-05-31,2023-05-31,2023-06-30,Bull,Bull,0.3249491491985969,0.6328205284879813,0.0422303223134219,0.029150426595100056,0.034828898443106465,0.05163061553220943,0.006663503254463113,0.0,0.0146054080831704,0.01606632326015772,0.35609843319743095,False,False,1.0000000000000002,0.2,0.2,0.2,0.2,0.2,1.9333016236556637e-16,0.06094811521221917,0.5451827708997975,0.3938691138879832,3.23779908818593e-17,5.112961393834894e-16,0.0,0.7897266160263697,0.21027338397362957,9.119660949903826e-18,3.2597776476947994e-17,0.3797572669677625,0.21959259977051784,0.40065013326171955,0.0
2023-06-30,2023-06-30,2023-07-31,Bull,Bull,0.4082981947168577,0.5617730325989932,0.0299287726841492,0.01551129820671291,0.009199246851209713,0.02059116199223312,0.006612064919390572,0.0,0.023983874540875843,0.003117755041300928,0.21875234786482525,False,False,1.0000000000000002,0.2,0.2,0.2,0.2,0.2,2.4163744427179893e-16,0.0489561779417812,0.5547980812268054,0.39624574083141306,6.317227008010796e-17,0.0,0.0,0.7912854935470203,0.2087145064529797,0.0,0.0,0.27038109303535,0.32637943656094154,0.4032394704037085,8.660683440764382e-17
2023-07-31,2023-07-31,2023-08-31,Bull,Bull,0.5618261223754764,0.3967849439341531,0.0413889336903702,-0.026715908854080487,-0.021873210222368204,-0.019267813854891187,-0.021846042622591096,0.0,0.02488490406569241,0.019802763812959485,0.20729642506242527,False,False,0.9999999999999997,0.2,0.2,0.2,0.2,0.2,0.0,0.05773745848283052,0.5584592527186023,0.3838032887985672,0.0,9.290022209089002e-16,1.3077070522764415e-16,0.801186875453499,0.1988131245465,0.0,1.377283448593389e-16,0.1667328805041374,0.4262882100536099,0.40697890944225257,0.0
2023-08-31,2023-08-31,2023-09-30,Bull,Bull,0.5802619559533337,0.3070112737214601,0.1127267703252058,-0.056735502494178074,-0.059508189126199096,-0.05340102998933759,-0.06139876517830553,0.0,0.015438126406203102,0.025612682571176125,0.2429010564255052,False,False,0.9999999999999997,0.2,0.2,0.2,0.2,0.2,0.0,0.05858281244865685,0.5653329619558776,0.37608422559546567,0.0,0.0,9.300796758435949e-17,0.813993216739087,0.18600678326091283,0.0,2.930555940808246e-16,0.2612220920079156,0.30483768184085736,0.4339402261512269,0.0
2023-09-30,2023-09-30,2023-10-31,Bull,Bull,0.6373414444668292,0.307116398003526,0.055542157529645,-0.01356994200464381,-0.02821437804939646,-0.02706954535093091,-0.020552867585291363,0.0,0.03448734028910187,0.04634495015473124,0.2837919849573758,False,False,1.0000000000000002,0.2,0.2,0.2,0.2,0.2,2.9556674718779975e-16,0.056382296745304435,0.5825766321004281,0.36104107115426703,0.0,0.0,0.0,0.8371656918164526,0.16283430818354733,0.0,0.0,0.150915434077976,0.4467336743195451,0.4023508916024788,8.248315868318376e-17
2023-10-31,2023-10-31,2023-11-30,Bull,Bull,0.6450056450546321,0.2865220374392556,0.0684723175061123,0.08378019339298858,0.08742992523403675,0.09244487909960963,0.0804508289508449,0.0,0.08332354149305773,0.046740917242062585,0.11925544187650035,False,False,0.9999999999999999,0.2,0.2,0.2,0.2,0.2,2.770141394556774e-17,0.09804406749183335,0.5776993476643874,0.3242565848437792,0.0,7.501595592693026e-16,0.0,0.8605361504374829,0.13946384956251606,3.0797964535949446e-16,1.293521493411126e-17,0.210543155016226,0.4082983329848413,0.3811585119989324,2.778308615759763e-16
2023-11-30,2023-11-30,2023-12-31,Bull,Bull,0.6416752682479112,0.3383469259147058,0.0199778058373832,0.058659523298271,0.056920490238959176,0.051949092689752965,0.056081298960769646,0.0,0.03785027169016639,0.026578334722810168,0.2994703524590963,False,False,1.0000000000000002,0.2,0.2,0.2,0.2,0.2,0.0,0.08755218659159018,0.5692660927195473,0.3431817206888624,0.0,1.0692972879461678e-15,8.441634774995279e-17,0.8472469830760778,0.15275301692392051,5.566275966380903e-16,0.0,0.10513811719496861,0.5580335092143894,0.33682837359064194,0.0
2023-12-31,2023-12-31,2024-01-31,Bull,Bull,0.6095234190010743,0.37877453993036,0.0117020410685661,-0.015170805367494733,-0.00023514871835911624,0.009513755612921957,-0.0001980623504659023,0.0,0.036999283261463595,0.02868143917995751,0.01677897292781107,False,False,1.0000000000000004,0.2,0.2,0.2,0.2,0.2,0.0,0.07564407483860654,0.5626745628417993,0.3616813623195943,0.0,1.1548140495084738e-15,0.0,0.8329062634860994,0.16709373651389922,3.2400166251583957e-16,7.926290319662399e-16,0.09674863073106305,0.5591187881071158,0.3441325811618201,1.8356422171496144e-16
2024-01-31,2024-01-31,2024-02-29,Bull,Bull,0.6904092215169689,0.2457442923603972,0.0638464861226339,0.01677579267715812,0.022034047195645126,0.040202279063629456,0.014945119754478287,0.0,0.014468132617643643,0.013354871428381451,0.22218881685549693,False,False,1.0,0.2,0.2,0.2,0.2,0.2,1.8687766492878915e-16,0.07305937649103071,0.5699086291506203,0.35703199435834826,5.232493725094429e-16,0.0,3.821786276238462e-17,0.8395836992002901,0.16041630079970995,0.0,0.0,0.14752319986902815,0.4480243796793682,0.4044524204516035,1.4577522284896664e-16
2024-02-29,2024-02-29,2024-03-31,Bull,Bull,0.6882142814168719,0.177022213877777,0.1347635047053507,0.03610212344165249,0.02804280728522126,0.02893782267589434,0.035278908600192,0.0,0.018017875727937796,0.018164095617344903,0.24162702977565306,False,False,0.9999999999999997,0.2,0.2,0.2,0.2,0.2,0.0,0.07405056052551778,0.5779263829801022,0.3480230564943801,4.4438955439395504e-17,1.1215237578714318e-16,0.0,0.8486657470089624,0.15133425299103748,0.0,0.0,0.2448999927805007,0.3272108647915419,0.42788914242795756,6.870569814584047e-18
2024-03-31,2024-03-31,2024-04-30,Bull,Bull,0.6694711692463676,0.1628382990846316,0.1676905316690013,-0.03737023296237833,-0.04147584933084297,-0.04401378284575155,-0.029330781197222423,0.0,0.05021083470375298,0.002192898141044479,0.11222715137203952,False,False,1.0000000000000007,0.2,0.2,0.2,0.2,0.2,0.0,0.09915597787739423,0.5658536131044947,0.33499040901811117,0.0,7.399900894835852e-16,0.0,0.84756929793844,0.15243070206155887,1.477053205162885e-16,0.0,0.30101356846652044,0.28030208942120793,0.4186843421122718,7.232742741311278e-17
2024-04-30,2024-04-30,2024-05-31,Bull,Bull,0.7396254243274089,0.17637913705178,0.0839954386208103,0.03836751538256827,0.039606639570722406,0.04766250040087574,0.035388864297880754,0.0,0.04852429676399931,0.036128916762032316,0.2775393342636632,False,False,0.9999999999999991,0.2,0.2,0.2,0.2,0.2,1.0069534599600427e-16,0.12291372208349101,0.5663580172803971,0.3107282606361114,2.185307419369908e-16,0.0,3.7887574919182054e-17,0.8656337563194563,0.1343662436805437,0.0,0.0,0.2033682357130867,0.41907175655303935,0.3775600077338738,0.0
2024-05-31,2024-05-31,2024-06-30,Bull,Bull,0.6939596516153015,0.2519479775561781,0.0540923708285206,0.010518629808742807,0.02551970629796053,0.03292576475132442,0.02260348834983076,0.0,0.008678446792082115,0.006506226131592446,0.08836295950616041,False,False,1.0000000000000002,0.2,0.2,0.2,0.2,0.2,4.039463781182727e-16,0.11931299144571364,0.5656195245221335,0.3150674840321521,3.041118445235351e-16,0.0,0.0,0.8623806432536602,0.13761935674634,0.0,0.0,0.17899222113629293,0.46325323630611964,0.3577545425575875,0.0
2024-06-30,2024-06-30,2024-07-31,Bull,Neutral,0.6938490671123352,0.2433658315930279,0.0627851012946377,0.04147798432642902,0.024484715304702635,0.015470651370463677,0.028845650648004217,0.0,0.014450007260652953,0.002696698491438444,0.04167558712603059,False,False,1.0000000000000009,0.2,0.2,0.2,0.2,0.2,3.237748985584196e-16,0.11208798781538734,0.5689011697890788,0.31901084239553334,3.5834487882393725e-16,0.0,3.6647332876325905e-17,0.8610322940079409,0.13896770599205902,1.315055271723612e-16,0.0,0.1869866174108156,0.4424154427431044,0.37059793984607964,5.301517921590198e-16
2024-07-31,2024-07-31,2024-08-31,Neutral,Neutral,0.5739593580813328,0.3793692279051825,0.0466714140134848,0.030042033934200733,0.022347871903961328,0.024154197858180605,0.021957342024874902,0.0,0.02057789127070864,1.7220645880158818,0.11361200218134015,False,False,1.0,0.2,0.2,0.2,0.2,0.2,0.0,0.12226586021903592,0.558612224153725,0.31912191562723896,0.0,9.668306839013795e-17,0.5590079043835138,4.2595084460046936e-18,0.33974960179002883,0.1012424938264573,4.717333673519376e-18,0.2437926185014856,0.39554967876324537,0.36065770273526904,0.0
2024-08-31,2024-08-31,2024-09-30,Neutral,Bull,0.4955798947765109,0.4595923249653295,0.0448277802581596,0.026483501562727968,0.024332736205837733,0.0378129922283634,0.02930191838462638,0.0,0.005681841798383144,0.07232810488007721,0.10078881282546891,False,False,1.0,0.2,0.2,0.2,0.2,0.2,1.1423400789649094e-16,0.12225210564638771,0.5557850578271818,0.32196283652643043,1.212931775496294e-16,2.2982835715609513e-17,0.5228438519434753,5.061264767850468e-17,0.3460186549646893,0.1311374930918354,0.0,0.2899845150095277,0.3451552723505109,0.36486021263996127,9.110674281183707e-17
2024-09-30,2024-09-30,2024-10-31,Bull,Bull,0.5996063913312949,0.3438413957456053,0.0565522129231005,-0.021355438391227666,-0.016686502680790694,-0.015194542651431789,-0.012988147679389675,0.0,0.018895516778903682,1.7251097973370184,0.08789056292503267,False,False,1.0000000000000007,0.2,0.2,0.2,0.2,0.2,2.4028074743319023e-16,0.1316998640358392,0.5482937235539667,0.3200064124101936,2.4859136584820456e-16,0.0,1.8422935599512856e-16,0.8625548986685093,0.13744510133149052,7.510152424049564e-17,1.2804730165174945e-16,0.2460392335470114,0.38490692369164575,0.3690538427613426,1.2707345410362434e-16
2024-10-31,2024-10-31,2024-11-30,Bull,Bull,0.6300323767693178,0.3300620269749953,0.0399055962556873,0.017540010795393135,0.03381994475142107,0.05465847335269237,0.02597414654019336,0.0,0.04282427265426379,0.0246452438401844,0.11591230010545167,False,False,1.0000000000000004,0.2,0.2,0.2,0.2,0.2,0.0,0.1531120003629711,0.5476145088265494,0.2992734908104795,0.0,0.0,5.985860021169393e-16,0.8748775205886011,0.12512247941139842,0.0,4.052543057195451e-16,0.22512300624854964,0.4428630737443712,0.3320139200070786,2.389578405376219e-16
2024-11-30,2024-11-30,2024-12-31,Bull,Bull,0.581925796490546,0.2532492915187971,0.1648249119906565,-0.04303644800818196,-0.0349591611728987,-0.029209335684989943,-0.036092739835609185,0.0,0.035040238991974906,0.00883278459211108,0.40769757314041855,False,False,0.9999999999999997,0.2,0.2,0.2,0.2,0.2,1.9288623300593128e-15,0.1355918808669837,0.5562043559837002,0.30820376314931297,1.275812754943492e-15,0.0,0.0,0.8704611282925461,0.12953887170745385,0.0,2.2037932833286237e-16,0.36637072635695295,0.23901428717416237,0.39461498646888454,0.0
2024-12-31,2024-12-31,2025-01-31,Bull,Bull,0.5628083025908881,0.2032538151272497,0.2339378822818624,0.03282960574088203,0.026306706377565114,0.024421651775812646,0.035604062128212176,0.0,0.03129422326406041,0.03705342729379293,0.10985753064081528,False,False,1.0000000000000002,0.2,0.2,0.2,0.2,0.2,0.0,0.14309261292979722,0.5643507355529168,0.2925566515172859,0.0,0.0,3.135331967544302e-16,0.8889878419394422,0.1110121580605574,0.0,6.671917319977143e-16,0.42129949167735986,0.1899829029568202,0.388717605365819,2.0257671772098452e-16
2025-01-31,2025-01-31,2025-02-28,Bull,Neutral,0.6593734848155469,0.2596119896831966,0.0810145255012566,0.025803797136210466,0.012010124187744487,-0.0050443971269561886,0.020588357006945175,0.0,0.03390610818965462,0.002391224514933455,0.3530837271713949,False,False,1.0000000000000002,0.2,0.2,0.2,0.2,0.2,0.0,0.16004566702462433,0.5563456977780102,0.2836086351973652,2.266046759710049e-16,0.0,2.573448727679793e-16,0.890183454196909,0.10981654580309079,0.0,0.0,0.279922235998442,0.3665247665425177,0.35355299745904034,0.0
2025-02-28,2025-02-28,2025-03-31,Neutral,Neutral,0.4976882295112142,0.4790347590210325,0.0232770114677531,0.0005320785605489969,-0.01911697519475446,0.03365032797338871,0.0013470448255584809,0.0,0.020751763357483136,1.7803669083938178,0.03760945027748954,False,False,0.9999999999999998,0.2,0.2,0.2,0.2,0.2,9.005966736438531e-16,0.15822673373449456,0.5477887493893985,0.2939845168761054,7.155496427179812e-16,0.0,0.44830677713763367,0.0,0.4032512994015843,0.14844192346078205,6.742973222337513e-18,0.2826317887402981,0.3826199389394064,0.3347482723202956,1.6496245914315727e-17
2025-03-31,2025-03-31,2025-04-30,Neutral,Crisis,0.4805739252383333,0.500259236630473,0.0191668381311937,0.00890229131843343,0.0021270496974090023,0.023616786055198104,0.012039060495837299,0.0,0.07031475917445693,0.23438880787392263,0.13993369944011916,False,False,1.0,0.2,0.2,0.2,0.2,0.2,0.0,0.19338411332172295,0.5290782214195534,0.2775376652587233,2.2494868458739984e-16,0.0,0.565501181074595,3.5251636788600177e-17,0.3283115310476391,0.10618728787776599,0.0,0.35259863846035766,0.3486069700855131,0.2987943914541293,0.0
2025-04-30,2025-04-30,2025-05-31,Crisis,Bull,0.3333054901796359,0.3082543835085988,0.3584401263117651,0.01785854076672573,0.023827851129074304,-0.007836010975980806,-0.007275142129100712,0.0,0.0552979108721674,0.40768218222274066,0.739782276228417,False,False,0.9999999999999998,0.2,0.2,0.2,0.2,0.2,2.0186840799492712e-16,0.2210330687578061,0.5156466565508686,0.2633202746913245,6.875085326355784e-16,2.449097656298556e-16,0.7693422721859651,0.0,0.23065772781403465,1.1054654469799865e-16,2.921907277737951e-16,0.7224897765745657,0.02147321023280186,0.25603701319263195,0.0
2025-05-31,2025-05-31,2025-06-30,Bull,Bull,0.4681015489357691,0.2914577665501742,0.2404406845140565,0.02258501152235519,0.034660205546358305,0.04836058206373704,0.014573850965035391,0.0,0.0197269646838078,1.75545764103158,0.171523211912272,False,False,0.9999999999999998,0.2,0.2,0.2,0.2,0.2,0.0,0.2206557062997986,0.5255101388927725,0.25383415480742894,8.531206268069267e-17,7.362233871881479e-16,0.0,0.877728820515789,0.12227117948420974,4.741690737469402e-16,1.126882369642323e-16,0.6516497096255205,0.10723481618893796,0.2411154741855415,1.7570904297137307e-17
2025-06-30,2025-06-30,2025-07-31,Bull,Bull,0.4805603478365431,0.2604159251052107,0.2590237270582462,-0.002904173713820346,0.007881091794769361,0.018640886226126696,-0.004294836436472615,0.0,0.017841872090656272,0.010518560159415867,0.0029693863166520757,False,False,1.0,0.2,0.2,0.2,0.2,0.2,0.0,0.21173477025447054,0.527577859825715,0.26068736991981456,0.0,0.0,1.0915398047524466e-16,0.8724695404360824,0.12753045956391762,0.0,0.0,0.6505542810278251,0.10684555162830744,0.24260016734386752,0.0
2025-07-31,2025-07-31,2025-08-31,Bull,Bull,0.4354756213489362,0.2865588137572864,0.2779655648937776,0.0301089230322253,0.02138950265565298,0.017988175928135335,0.035628631384148964,0.0,0.00901327761454862,0.006802950914778109,0.057071347653662396,False,False,1.0000000000000002,0.2,0.2,0.2,0.2,0.2,0.0,0.20929660345827875,0.5320844986329893,0.25861889790873205,0.0,7.523674940945468e-16,0.0,0.8758710158934703,0.12412898410652866,3.926310998860144e-16,0.0,0.6790899548546563,0.08427372977020313,0.23663631537514065,1.536389073771469e-17
2025-08-31,2025-08-31,2025-09-30,Bull,Bull,0.4803807077247078,0.1924577660233709,0.3271615262519208,0.04207021272532452,0.053741182235483215,0.035656346622213175,0.09224175433498173,0.0,0.02178990420095342,0.0002446939918916768,0.021831261460903112,False,False,0.9999999999999996,0.2,0.2,0.2,0.2,0.2,0.0,0.22019155555875541,0.5274221922340578,0.2523862522071868,0.0,3.6483834367503206e-16,0.0,0.8757486688975251,0.12425133110247448,7.96176830217851e-17,0.0,0.6900055855851078,0.08235521410724786,0.22763920030764437,0.0
2025-09-30,2025-09-30,2025-10-31,Bull,Bull,0.4669330736015686,0.2529626760464866,0.2801042503519448,0.012145607123825241,0.024157585184632485,0.02281424175464233,0.029440783063585056,0.0,0.03696787039882278,0.03697551037828503,0.029881588897039825,False,False,1.0,0.2,0.2,0.2,0.2,0.2,7.919380148925996e-16,0.23867549075816596,0.5135714021313851,0.24775310711044812,0.0,9.175589857007935e-16,0.01848775518914186,0.8577980461350988,0.1237141986757583,1.9888970600389519e-16,1.9696324275629675e-16,0.6750647911365879,0.09273745350809433,0.23219775535531753,7.428881880945349e-17
2025-10-31,2025-10-31,2025-11-30,Bull,Bull,0.4082496687958826,0.2507429048936381,0.34100742631048,0.01799603651067763,0.014443431292159529,0.0032879367971908272,0.039246948979554525,0.0,0.004682312082695248,0.01546672653681556,0.085224464627227,False,False,1.0000000000000007,0.2,0.2,0.2,0.2,0.2,0.0,0.23778316798153423,0.51212256886667,0.2500942631517957,0.0,4.695735265456151e-16,0.02398323004221409,0.8500646828666915,0.12595208709109326,7.686604895176046e-16,0.0,0.7176770234502013,0.05880381015563301,0.22351916639416555,9.616527482229344e-18
2025-12-31,2025-12-31,2026-01-31,Bull,Bull,0.4916422969925363,0.2673513542891966,0.2410063487182669,0.0424555240908344,0.03884281091733103,0.016829075624726374,0.08152065341430004,0.0,0.03697902586207544,0.022955836250530496,0.13282393408170798,False,False,0.9999999999999998,0.2,0.2,0.2,0.2,0.2,3.348339900539984e-16,0.25627268091257166,0.5069557922337994,0.23677152685362862,0.0,0.0,0.03546114816747935,0.8492817582658668,0.11525709356665363,2.592840468103595e-16,6.755377318236802e-17,0.6512650564093474,0.11334611523757863,0.2353888283530739,0.0
2026-01-31,2026-01-31,2026-02-28,Bull,Bull,0.5346639919693882,0.2792719652437339,0.1860640427868777,0.044164625073764154,0.0290222944096575,0.0018490575518819727,0.061133171053988015,0.0,0.030567201940627904,0.0339217354531239,0.10364016171518148,False,False,0.9999999999999998,0.2,0.2,0.2,0.2,0.2,3.461125787887508e-16,0.2715562818828855,0.5002227098884967,0.22822100822861738,1.3283646919837463e-16,4.2690108242362668e-16,0.05242201589404082,0.8403709891567842,0.1072069949491745,0.0,8.243612383463549e-17,0.5994449755517567,0.15889823048499,0.24165679396325315,1.4239443145055038e-16
