decision_month,decision_date,holding_month,current_regime,actual_next_regime,model,predicted_regime,p_Bull,p_Neutral,p_Crisis
2015-02-28,2015-02-28,2015-03-31,Bull,Bull,Persistence,Bull,1.0,0.0,0.0
2015-02-28,2015-02-28,2015-03-31,Bull,Bull,Logistic_Regression,Bull,0.7713640719042192,0.22593911945683234,0.0026968086389483116
2015-02-28,2015-02-28,2015-03-31,Bull,Bull,Random_Forest,Bull,0.6407851093863579,0.35577430237834773,0.0034405882352941176
2015-02-28,2015-02-28,2015-03-31,Bull,Bull,Hist_Gradient_Boosting,Bull,0.9577664939863396,0.042223697906786824,9.808106873494905e-06
2015-02-28,2015-02-28,2015-03-31,Bull,Bull,Gaussian_NB,Neutral,0.19863370040582706,0.8013662995941737,0.0
2015-03-31,2015-03-31,2015-04-30,Bull,Bull,Persistence,Bull,1.0,0.0,0.0
2015-03-31,2015-03-31,2015-04-30,Bull,Bull,Logistic_Regression,Bull,0.7453173250227402,0.25451154751751603,0.00017112745974372592
2015-03-31,2015-03-31,2015-04-30,Bull,Bull,Random_Forest,Bull,0.5660214393752016,0.4321672398700814,0.0018113207547169811
2015-03-31,2015-03-31,2015-04-30,Bull,Bull,Hist_Gradient_Boosting,Bull,0.7640851078404161,0.23590274360734986,1.2148552234221828e-05
2015-03-31,2015-03-31,2015-04-30,Bull,Bull,Gaussian_NB,Bull,0.9321978382523373,0.06780216174766115,0.0
2015-04-30,2015-04-30,2015-05-31,Bull,Bull,Persistence,Bull,1.0,0.0,0.0
2015-04-30,2015-04-30,2015-05-31,Bull,Bull,Logistic_Regression,Bull,0.9317394099554309,0.06818015538240446,8.043466216464498e-05
2015-04-30,2015-04-30,2015-05-31,Bull,Bull,Random_Forest,Bull,0.5686526518885129,0.4313473481114868,0.0
2015-04-30,2015-04-30,2015-05-31,Bull,Bull,Hist_Gradient_Boosting,Bull,0.9149672729876566,0.08503207764707417,6.493652693669875e-07
2015-04-30,2015-04-30,2015-05-31,Bull,Bull,Gaussian_NB,Bull,0.9501383838923094,0.049861616107689,0.0
2015-05-31,2015-05-31,2015-06-30,Bull,Bull,Persistence,Bull,1.0,0.0,0.0
2015-05-31,2015-05-31,2015-06-30,Bull,Bull,Logistic_Regression,Bull,0.9944856620133263,0.005504519924455998,9.818062217772253e-06
2015-05-31,2015-05-31,2015-06-30,Bull,Bull,Random_Forest,Bull,0.7795535288071891,0.21862607545460636,0.0018203957382039572
2015-05-31,2015-05-31,2015-06-30,Bull,Bull,Hist_Gradient_Boosting,Bull,0.9987609298690675,0.0012175715778964236,2.1498553035978154e-05
2015-05-31,2015-05-31,2015-06-30,Bull,Bull,Gaussian_NB,Bull,0.9839240281296778,0.016075971870322583,0.0
2015-06-30,2015-06-30,2015-07-31,Bull,Bull,Persistence,Bull,1.0,0.0,0.0
2015-06-30,2015-06-30,2015-07-31,Bull,Bull,Logistic_Regression,Bull,0.9953450040334657,0.004430392873786963,0.00022460309274723608
2015-06-30,2015-06-30,2015-07-31,Bull,Bull,Random_Forest,Bull,0.7284476027799291,0.16479159346829506,0.10676080375177645
2015-06-30,2015-06-30,2015-07-31,Bull,Bull,Hist_Gradient_Boosting,Bull,0.9929209796749267,0.007076691742853041,2.3285822202504574e-06
2015-06-30,2015-06-30,2015-07-31,Bull,Bull,Gaussian_NB,Bull,0.9897310812551304,0.010268918744869304,0.0
2015-07-31,2015-07-31,2015-08-31,Bull,Neutral,Persistence,Bull,1.0,0.0,0.0
2015-07-31,2015-07-31,2015-08-31,Bull,Neutral,Logistic_Regression,Bull,0.9978194788286796,0.0017894815523566813,0.00039103961896376125
2015-07-31,2015-07-31,2015-08-31,Bull,Neutral,Random_Forest,Bull,0.8297821607209692,0.17021783927903095,0.0
2015-07-31,2015-07-31,2015-08-31,Bull,Neutral,Hist_Gradient_Boosting,Bull,0.9962491648545084,0.003701962907868668,4.887223762298136e-05
2015-07-31,2015-07-31,2015-08-31,Bull,Neutral,Gaussian_NB,Bull,0.9979763677427946,0.0020236322572071267,0.0
2015-08-31,2015-08-31,2015-09-30,Neutral,Neutral,Persistence,Neutral,0.0,1.0,0.0
2015-08-31,2015-08-31,2015-09-30,Neutral,Neutral,Logistic_Regression,Bull,0.5450112213852338,0.4548759207527136,0.00011285786205247931
2015-08-31,2015-08-31,2015-09-30,Neutral,Neutral,Random_Forest,Bull,0.5847778290772869,0.3884263493681158,0.02679582155459749
2015-08-31,2015-08-31,2015-09-30,Neutral,Neutral,Hist_Gradient_Boosting,Bull,0.8811743818392324,0.11881582464771628,9.793513051374258e-06
2015-08-31,2015-08-31,2015-09-30,Neutral,Neutral,Gaussian_NB,Bull,0.8746609851543661,0.1253390148456345,0.0
2015-09-30,2015-09-30,2015-10-31,Neutral,Bull,Persistence,Neutral,0.0,1.0,0.0
2015-09-30,2015-09-30,2015-10-31,Neutral,Bull,Logistic_Regression,Neutral,0.281643426797003,0.7183393272688131,1.724593418400226e-05
2015-09-30,2015-09-30,2015-10-31,Neutral,Bull,Random_Forest,Bull,0.5209148934407015,0.4790851065592985,0.0
2015-09-30,2015-09-30,2015-10-31,Neutral,Bull,Hist_Gradient_Boosting,Bull,0.9186477623768637,0.08133908168938717,1.3155933749075407e-05
2015-09-30,2015-09-30,2015-10-31,Neutral,Bull,Gaussian_NB,Bull,0.8360300693680933,0.16396993063190687,0.0
2015-10-31,2015-10-31,2015-11-30,Bull,Bull,Persistence,Bull,1.0,0.0,0.0
2015-10-31,2015-10-31,2015-11-30,Bull,Bull,Logistic_Regression,Neutral,0.1167123120358039,0.88328587484098,1.8131232160165925e-06
2015-10-31,2015-10-31,2015-11-30,Bull,Bull,Random_Forest,Bull,0.61435266510337,0.3856473348966298,0.0
2015-10-31,2015-10-31,2015-11-30,Bull,Bull,Hist_Gradient_Boosting,Bull,0.7890029770047257,0.210995949247811,1.0737474633257656e-06
2015-10-31,2015-10-31,2015-11-30,Bull,Bull,Gaussian_NB,Bull,0.6682138313039959,0.33178616869600297,0.0
2015-11-30,2015-11-30,2015-12-31,Bull,Neutral,Persistence,Bull,1.0,0.0,0.0
2015-11-30,2015-11-30,2015-12-31,Bull,Neutral,Logistic_Regression,Neutral,0.20388915484244277,0.7961025838506258,8.261306931432272e-06
2015-11-30,2015-11-30,2015-12-31,Bull,Neutral,Random_Forest,Bull,0.6263585314776714,0.3736414685223285,0.0
2015-11-30,2015-11-30,2015-12-31,Bull,Neutral,Hist_Gradient_Boosting,Bull,0.9519414623506005,0.04805840283254281,1.3481685664202727e-07
2015-11-30,2015-11-30,2015-12-31,Bull,Neutral,Gaussian_NB,Bull,0.8463877397616053,0.15361226023839558,0.0
2015-12-31,2015-12-31,2016-01-31,Neutral,Neutral,Persistence,Neutral,0.0,1.0,0.0
2015-12-31,2015-12-31,2016-01-31,Neutral,Neutral,Logistic_Regression,Neutral,0.13691960768504516,0.8628614413549903,0.00021895095996454214
2015-12-31,2015-12-31,2016-01-31,Neutral,Neutral,Random_Forest,Neutral,0.4432456041221814,0.5567543958778184,0.0
2015-12-31,2015-12-31,2016-01-31,Neutral,Neutral,Hist_Gradient_Boosting,Bull,0.9223154139246214,0.07767778159849217,6.804476886477174e-06
2015-12-31,2015-12-31,2016-01-31,Neutral,Neutral,Gaussian_NB,Neutral,0.2968045729771871,0.7031954270228117,0.0
2016-01-31,2016-01-31,2016-02-29,Neutral,Neutral,Persistence,Neutral,0.0,1.0,0.0
2016-01-31,2016-01-31,2016-02-29,Neutral,Neutral,Logistic_Regression,Neutral,0.02357177006808445,0.9763644955285753,6.373440334022207e-05
2016-01-31,2016-01-31,2016-02-29,Neutral,Neutral,Random_Forest,Neutral,0.4321410181013636,0.5640540524139912,0.003804929484644787
2016-01-31,2016-01-31,2016-02-29,Neutral,Neutral,Hist_Gradient_Boosting,Bull,0.9344948785133094,0.06518485593440004,0.0003202655522907107
2016-01-31,2016-01-31,2016-02-29,Neutral,Neutral,Gaussian_NB,Neutral,0.035978614497603,0.9640213855023967,0.0
2016-02-29,2016-02-29,2016-03-31,Neutral,Bull,Persistence,Neutral,0.0,1.0,0.0
2016-02-29,2016-02-29,2016-03-31,Neutral,Bull,Logistic_Regression,Neutral,0.0019728991232122726,0.9980263080165107,7.928602771047301e-07
2016-02-29,2016-02-29,2016-03-31,Neutral,Bull,Random_Forest,Neutral,0.3442606086407609,0.6557393913592396,0.0
2016-02-29,2016-02-29,2016-03-31,Neutral,Bull,Hist_Gradient_Boosting,Neutral,0.08352302011786027,0.9164768697487072,1.1013343259701368e-07
2016-02-29,2016-02-29,2016-03-31,Neutral,Bull,Gaussian_NB,Neutral,9.947908605072185e-05,0.9999005209139505,0.0
2016-03-31,2016-03-31,2016-04-30,Bull,Bull,Persistence,Bull,1.0,0.0,0.0
2016-03-31,2016-03-31,2016-04-30,Bull,Bull,Logistic_Regression,Neutral,0.3396905595695717,0.660297678920069,1.176151035927924e-05
2016-03-31,2016-03-31,2016-04-30,Bull,Bull,Random_Forest,Bull,0.5391639979309178,0.4608360020690821,0.0
2016-03-31,2016-03-31,2016-04-30,Bull,Bull,Hist_Gradient_Boosting,Bull,0.8184289224414565,0.1815681660640122,2.911494531316768e-06
2016-03-31,2016-03-31,2016-04-30,Bull,Bull,Gaussian_NB,Neutral,0.47506873513550046,0.5249312648645019,0.0
2016-04-30,2016-04-30,2016-05-31,Bull,Bull,Persistence,Bull,1.0,0.0,0.0
2016-04-30,2016-04-30,2016-05-31,Bull,Bull,Logistic_Regression,Bull,0.5295401531696766,0.47037902436063384,8.082246968954769e-05
2016-04-30,2016-04-30,2016-05-31,Bull,Bull,Random_Forest,Bull,0.5074054156036916,0.4925945843963083,0.0
2016-04-30,2016-04-30,2016-05-31,Bull,Bull,Hist_Gradient_Boosting,Bull,0.8396462781082196,0.1602302226258755,0.00012349926590500153
2016-04-30,2016-04-30,2016-05-31,Bull,Bull,Gaussian_NB,Bull,0.977593126451002,0.02240687354899902,0.0
2016-05-31,2016-05-31,2016-06-30,Bull,Neutral,Persistence,Bull,1.0,0.0,0.0
2016-05-31,2016-05-31,2016-06-30,Bull,Neutral,Logistic_Regression,Bull,0.6641547564728859,0.3345214013376058,0.0013238421895081472
2016-05-31,2016-05-31,2016-06-30,Bull,Neutral,Random_Forest,Bull,0.5623693180386018,0.343576035465735,0.09405464649566316
2016-05-31,2016-05-31,2016-06-30,Bull,Neutral,Hist_Gradient_Boosting,Bull,0.994871751764605,0.0051276721480248404,5.760873702097769e-07
2016-05-31,2016-05-31,2016-06-30,Bull,Neutral,Gaussian_NB,Bull,0.9998309559035924,0.00016904409640624364,0.0
2016-06-30,2016-06-30,2016-07-31,Neutral,Bull,Persistence,Neutral,0.0,1.0,0.0
2016-06-30,2016-06-30,2016-07-31,Neutral,Bull,Logistic_Regression,Bull,0.6501802199408673,0.349244530383001,0.0005752496761316808
2016-06-30,2016-06-30,2016-07-31,Neutral,Bull,Random_Forest,Bull,0.5087751031586288,0.4330564845632421,0.05816841227812905
2016-06-30,2016-06-30,2016-07-31,Neutral,Bull,Hist_Gradient_Boosting,Bull,0.9377532864934897,0.06224599025541285,7.23251097645776e-07
2016-06-30,2016-06-30,2016-07-31,Neutral,Bull,Gaussian_NB,Bull,0.5050772642185084,0.49492273578149276,0.0
2016-07-31,2016-07-31,2016-08-31,Bull,Bull,Persistence,Bull,1.0,0.0,0.0
2016-07-31,2016-07-31,2016-08-31,Bull,Bull,Logistic_Regression,Bull,0.7471144283534352,0.2525134084460248,0.000372163200540002
2016-07-31,2016-07-31,2016-08-31,Bull,Bull,Random_Forest,Bull,0.6470931325029188,0.3104390962114016,0.04246777128567941
2016-07-31,2016-07-31,2016-08-31,Bull,Bull,Hist_Gradient_Boosting,Bull,0.9678414536334463,0.03215806490304395,4.814635098001387e-07
2016-07-31,2016-07-31,2016-08-31,Bull,Bull,Gaussian_NB,Bull,0.8930243718871457,0.1069756281128543,0.0
2016-08-31,2016-08-31,2016-09-30,Bull,Bull,Persistence,Bull,1.0,0.0,0.0
2016-08-31,2016-08-31,2016-09-30,Bull,Bull,Logistic_Regression,Bull,0.8816634803337439,0.11828241898991194,5.410067634417424e-05
2016-08-31,2016-08-31,2016-09-30,Bull,Bull,Random_Forest,Bull,0.656514393409913,0.34348560659008753,0.0
2016-08-31,2016-08-31,2016-09-30,Bull,Bull,Hist_Gradient_Boosting,Bull,0.9981788380225317,0.0018211204369099423,4.154055824660431e-08
2016-08-31,2016-08-31,2016-09-30,Bull,Bull,Gaussian_NB,Bull,0.9696278783555033,0.030372121644495695,0.0
2016-09-30,2016-09-30,2016-10-31,Bull,Bull,Persistence,Bull,1.0,0.0,0.0
2016-09-30,2016-09-30,2016-10-31,Bull,Bull,Logistic_Regression,Bull,0.6769125725826762,0.3226197212222407,0.000467706195082968
2016-09-30,2016-09-30,2016-10-31,Bull,Bull,Random_Forest,Bull,0.6509082118426143,0.2752857377296647,0.0738060504277207
2016-09-30,2016-09-30,2016-10-31,Bull,Bull,Hist_Gradient_Boosting,Bull,0.9962795152456729,0.003720157339077323,3.274152497842894e-07
2016-09-30,2016-09-30,2016-10-31,Bull,Bull,Gaussian_NB,Bull,0.9773263402488225,0.02267365975117769,0.0
2016-10-31,2016-10-31,2016-11-30,Bull,Bull,Persistence,Bull,1.0,0.0,0.0
2016-10-31,2016-10-31,2016-11-30,Bull,Bull,Logistic_Regression,Bull,0.5784681656392023,0.41988523751895657,0.0016465968418410185
2016-10-31,2016-10-31,2016-11-30,Bull,Bull,Random_Forest,Bull,0.5613733944860525,0.37505305047521675,0.06357355503873122
2016-10-31,2016-10-31,2016-11-30,Bull,Bull,Hist_Gradient_Boosting,Bull,0.8816986488902172,0.11829795135195688,3.399757825881646e-06
2016-10-31,2016-10-31,2016-11-30,Bull,Bull,Gaussian_NB,Bull,0.9924344715469327,0.0075655284530687025,0.0
2016-11-30,2016-11-30,2016-12-31,Bull,Bull,Persistence,Bull,1.0,0.0,0.0
2016-11-30,2016-11-30,2016-12-31,Bull,Bull,Logistic_Regression,Bull,0.811819165596575,0.18275458208171183,0.005426252321713391
2016-11-30,2016-11-30,2016-12-31,Bull,Bull,Random_Forest,Bull,0.7422388491971836,0.19499028463983953,0.0627708661629775
2016-11-30,2016-11-30,2016-12-31,Bull,Bull,Hist_Gradient_Boosting,Bull,0.9789753315542652,0.02098249522416256,4.217322157237921e-05
2016-11-30,2016-11-30,2016-12-31,Bull,Bull,Gaussian_NB,Bull,0.9980889380669247,0.001911061933076203,0.0
2016-12-31,2016-12-31,2017-01-31,Bull,Bull,Persistence,Bull,1.0,0.0,0.0
2016-12-31,2016-12-31,2017-01-31,Bull,Bull,Logistic_Regression,Bull,0.807653041247771,0.1908298782647831,0.001517080487445822
2016-12-31,2016-12-31,2017-01-31,Bull,Bull,Random_Forest,Bull,0.7826004188917175,0.2155261217820701,0.0018734593262119967
2016-12-31,2016-12-31,2017-01-31,Bull,Bull,Hist_Gradient_Boosting,Bull,0.9456275008470474,0.0543616440944994,1.0855058453230031e-05
2016-12-31,2016-12-31,2017-01-31,Bull,Bull,Gaussian_NB,Bull,0.9991280623485365,0.0008719376514619387,0.0
2017-01-31,2017-01-31,2017-02-28,Bull,Bull,Persistence,Bull,1.0,0.0,0.0
2017-01-31,2017-01-31,2017-02-28,Bull,Bull,Logistic_Regression,Bull,0.924611992079606,0.07310326589931668,0.002284742021077287
2017-01-31,2017-01-31,2017-02-28,Bull,Bull,Random_Forest,Bull,0.8047799191422619,0.16323605454582643,0.03198402631191117
2017-01-31,2017-01-31,2017-02-28,Bull,Bull,Hist_Gradient_Boosting,Bull,0.9807071900353377,0.019288662771452608,4.147193209658934e-06
2017-01-31,2017-01-31,2017-02-28,Bull,Bull,Gaussian_NB,Bull,0.9999979122079469,2.087792054433101e-06,0.0
2017-02-28,2017-02-28,2017-03-31,Bull,Bull,Persistence,Bull,1.0,0.0,0.0
2017-02-28,2017-02-28,2017-03-31,Bull,Bull,Logistic_Regression,Bull,0.9459499608905211,0.029444018554997304,0.024606020554481668
2017-02-28,2017-02-28,2017-03-31,Bull,Bull,Random_Forest,Bull,0.7909164043554319,0.11086444402392454,0.09821915162064414
2017-02-28,2017-02-28,2017-03-31,Bull,Bull,Hist_Gradient_Boosting,Bull,0.9887003757421523,0.010988065484833531,0.00031155877301407704
2017-02-28,2017-02-28,2017-03-31,Bull,Bull,Gaussian_NB,Bull,0.9999999994568753,5.431243578721903e-10,0.0
2017-03-31,2017-03-31,2017-04-30,Bull,Bull,Persistence,Bull,1.0,0.0,0.0
2017-03-31,2017-03-31,2017-04-30,Bull,Bull,Logistic_Regression,Bull,0.9197572268030333,0.0697881244540445,0.010454648742922217
2017-03-31,2017-03-31,2017-04-30,Bull,Bull,Random_Forest,Bull,0.7424276447063285,0.16047757292742787,0.09709478236624364
2017-03-31,2017-03-31,2017-04-30,Bull,Bull,Hist_Gradient_Boosting,Bull,0.9578198656303184,0.04217663990247653,3.4944672050395095e-06
2017-03-31,2017-03-31,2017-04-30,Bull,Bull,Gaussian_NB,Bull,0.9999999999362501,6.374920466425671e-11,0.0
2017-04-30,2017-04-30,2017-05-31,Bull,Bull,Persistence,Bull,1.0,0.0,0.0
2017-04-30,2017-04-30,2017-05-31,Bull,Bull,Logistic_Regression,Bull,0.9802429027924819,0.019635096867028044,0.00012200034048990005
2017-04-30,2017-04-30,2017-05-31,Bull,Bull,Random_Forest,Bull,0.8366168112096005,0.12967275636131795,0.033710432429081325
2017-04-30,2017-04-30,2017-05-31,Bull,Bull,Hist_Gradient_Boosting,Bull,0.9907911929329822,0.009208379862649824,4.2720436789797253e-07
2017-04-30,2017-04-30,2017-05-31,Bull,Bull,Gaussian_NB,Bull,1.0,2.789673033977558e-17,0.0
2017-05-31,2017-05-31,2017-06-30,Bull,Bull,Persistence,Bull,1.0,0.0,0.0
2017-05-31,2017-05-31,2017-06-30,Bull,Bull,Logistic_Regression,Bull,0.9904463232463162,0.009529469249734529,2.4207503949067112e-05
2017-05-31,2017-05-31,2017-06-30,Bull,Bull,Random_Forest,Bull,0.8484009046236884,0.13258074798895572,0.01901834738735625
2017-05-31,2017-05-31,2017-06-30,Bull,Bull,Hist_Gradient_Boosting,Bull,0.998625392860437,0.0013745085689772366,9.857058590072756e-08
2017-05-31,2017-05-31,2017-06-30,Bull,Bull,Gaussian_NB,Bull,1.0,2.7702031693430838e-24,0.0
2017-06-30,2017-06-30,2017-07-31,Bull,Bull,Persistence,Bull,1.0,0.0,0.0
2017-06-30,2017-06-30,2017-07-31,Bull,Bull,Logistic_Regression,Bull,0.991915404367505,0.008020868630149532,6.372700234539369e-05
2017-06-30,2017-06-30,2017-07-31,Bull,Bull,Random_Forest,Bull,0.8337892532695976,0.16044495037121956,0.005765796359182765
2017-06-30,2017-06-30,2017-07-31,Bull,Bull,Hist_Gradient_Boosting,Bull,0.9919207919956087,0.008079087891678292,1.2011271304083003e-07
2017-06-30,2017-06-30,2017-07-31,Bull,Bull,Gaussian_NB,Bull,1.0,4.629607947421982e-26,0.0
2017-07-31,2017-07-31,2017-08-31,Bull,Bull,Persistence,Bull,1.0,0.0,0.0
2017-07-31,2017-07-31,2017-08-31,Bull,Bull,Logistic_Regression,Bull,0.9970438151033977,0.002925728329500572,3.045656710183658e-05
2017-07-31,2017-07-31,2017-08-31,Bull,Bull,Random_Forest,Bull,0.8721076093570936,0.1144716956685398,0.013420694974366628
2017-07-31,2017-07-31,2017-08-31,Bull,Bull,Hist_Gradient_Boosting,Bull,0.9979491736475751,0.0020503031139252124,5.232384996909669e-07
2017-07-31,2017-07-31,2017-08-31,Bull,Bull,Gaussian_NB,Bull,1.0,1.038276918179451e-35,0.0
2017-08-31,2017-08-31,2017-09-30,Bull,Bull,Persistence,Bull,1.0,0.0,0.0
2017-08-31,2017-08-31,2017-09-30,Bull,Bull,Logistic_Regression,Bull,0.997080695180006,0.0029011594453151545,1.8145374678879028e-05
2017-08-31,2017-08-31,2017-09-30,Bull,Bull,Random_Forest,Bull,0.837644202256633,0.14323627052130233,0.01911952722206512
2017-08-31,2017-08-31,2017-09-30,Bull,Bull,Hist_Gradient_Boosting,Bull,0.9979044238293785,0.0020952226734947555,3.53497126553121e-07
2017-08-31,2017-08-31,2017-09-30,Bull,Bull,Gaussian_NB,Bull,1.0,2.1981028094970946e-45,0.0
2017-09-30,2017-09-30,2017-10-31,Bull,Bull,Persistence,Bull,1.0,0.0,0.0
2017-09-30,2017-09-30,2017-10-31,Bull,Bull,Logistic_Regression,Bull,0.9974332093027608,0.00237187289346084,0.00019491780377855656
2017-09-30,2017-09-30,2017-10-31,Bull,Bull,Random_Forest,Bull,0.9331756087997181,0.055278842163362846,0.0115455490369189
2017-09-30,2017-09-30,2017-10-31,Bull,Bull,Hist_Gradient_Boosting,Bull,0.9995689641645813,0.00042992326598298387,1.1125694356608912e-06
2017-09-30,2017-09-30,2017-10-31,Bull,Bull,Gaussian_NB,Bull,1.0,3.062769108396716e-47,0.0
2017-10-31,2017-10-31,2017-11-30,Bull,Bull,Persistence,Bull,1.0,0.0,0.0
2017-10-31,2017-10-31,2017-11-30,Bull,Bull,Logistic_Regression,Bull,0.9976210304320892,0.001835201180064075,0.0005437683878467701
2017-10-31,2017-10-31,2017-11-30,Bull,Bull,Random_Forest,Bull,0.8087870156023789,0.10529937285839239,0.08591361153922839
2017-10-31,2017-10-31,2017-11-30,Bull,Bull,Hist_Gradient_Boosting,Bull,0.996050977066502,0.0038928832213830696,5.6139712114972776e-05
2017-10-31,2017-10-31,2017-11-30,Bull,Bull,Gaussian_NB,Bull,1.0,3.8696089848076077e-47,0.0
2017-11-30,2017-11-30,2017-12-31,Bull,Bull,Persistence,Bull,1.0,0.0,0.0
2017-11-30,2017-11-30,2017-12-31,Bull,Bull,Logistic_Regression,Bull,0.9977000286325624,0.0016879028746511703,0.0006120684927863529
2017-11-30,2017-11-30,2017-12-31,Bull,Bull,Random_Forest,Bull,0.8570717705374307,0.07588494162149265,0.06704328784107647
2017-11-30,2017-11-30,2017-12-31,Bull,Bull,Hist_Gradient_Boosting,Bull,0.9994052280553052,0.0005469661525865075,4.780579210838115e-05
2017-11-30,2017-11-30,2017-12-31,Bull,Bull,Gaussian_NB,Bull,1.0,8.94270637273192e-48,0.0
2017-12-31,2017-12-31,2018-01-31,Bull,Bull,Persistence,Bull,1.0,0.0,0.0
2017-12-31,2017-12-31,2018-01-31,Bull,Bull,Logistic_Regression,Bull,0.9982345068443411,0.001657756348850266,0.00010773680680865924
2017-12-31,2017-12-31,2018-01-31,Bull,Bull,Random_Forest,Bull,0.8451871193339804,0.0879915308047118,0.06682134986130726
2017-12-31,2017-12-31,2018-01-31,Bull,Bull,Hist_Gradient_Boosting,Bull,0.9991035043341321,0.0008914679429554361,5.02772291233205e-06
2017-12-31,2017-12-31,2018-01-31,Bull,Bull,Gaussian_NB,Bull,1.0,6.5476434150075556e-49,0.0
2018-01-31,2018-01-31,2018-02-28,Bull,Neutral,Persistence,Bull,1.0,0.0,0.0
2018-01-31,2018-01-31,2018-02-28,Bull,Neutral,Logistic_Regression,Bull,0.9982646078588783,0.0016965182456706765,3.8873895451051645e-05
2018-01-31,2018-01-31,2018-02-28,Bull,Neutral,Random_Forest,Bull,0.9215489895734232,0.063020727836936,0.01543028258964057
2018-01-31,2018-01-31,2018-02-28,Bull,Neutral,Hist_Gradient_Boosting,Bull,0.9995998581723414,0.00039983134461007796,3.1048304846220074e-07
2018-01-31,2018-01-31,2018-02-28,Bull,Neutral,Gaussian_NB,Bull,1.0,1.2251282396090702e-62,0.0
2018-02-28,2018-02-28,2018-03-31,Neutral,Neutral,Persistence,Neutral,0.0,1.0,0.0
2018-02-28,2018-02-28,2018-03-31,Neutral,Neutral,Logistic_Regression,Bull,0.847118129447136,0.15280871126485918,7.315928800481281e-05
2018-02-28,2018-02-28,2018-03-31,Neutral,Neutral,Random_Forest,Bull,0.6908758858475752,0.2728498144327109,0.03627429971971367
2018-02-28,2018-02-28,2018-03-31,Neutral,Neutral,Hist_Gradient_Boosting,Bull,0.9773574159063868,0.022628599288787868,1.3984804825428389e-05
2018-02-28,2018-02-28,2018-03-31,Neutral,Neutral,Gaussian_NB,Bull,0.9999314164121579,6.858358784224361e-05,0.0
2018-03-31,2018-03-31,2018-04-30,Neutral,Neutral,Persistence,Neutral,0.0,1.0,0.0
2018-03-31,2018-03-31,2018-04-30,Neutral,Neutral,Logistic_Regression,Bull,0.625382162594087,0.37319666690398695,0.0014211705019261307
2018-03-31,2018-03-31,2018-04-30,Neutral,Neutral,Random_Forest,Bull,0.6123885524010061,0.3744123221594537,0.013199125439539775
2018-03-31,2018-03-31,2018-04-30,Neutral,Neutral,Hist_Gradient_Boosting,Bull,0.6592717338777297,0.3406944793360511,3.378678621925136e-05
2018-03-31,2018-03-31,2018-04-30,Neutral,Neutral,Gaussian_NB,Bull,0.94629744107932,0.053702558920679926,0.0
2018-04-30,2018-04-30,2018-05-31,Neutral,Bull,Persistence,Neutral,0.0,1.0,0.0
2018-04-30,2018-04-30,2018-05-31,Neutral,Bull,Logistic_Regression,Neutral,0.4920766220163119,0.5038971828020157,0.004026195181672351
2018-04-30,2018-04-30,2018-05-31,Neutral,Bull,Random_Forest,Bull,0.5568230456786055,0.4393756418405605,0.0038013124808341
2018-04-30,2018-04-30,2018-05-31,Neutral,Bull,Hist_Gradient_Boosting,Bull,0.9633878043853593,0.03661173069800784,4.6491663279829877e-07
2018-04-30,2018-04-30,2018-05-31,Neutral,Bull,Gaussian_NB,Neutral,0.48158188448342754,0.5184181155165719,0.0
2018-05-31,2018-05-31,2018-06-30,Bull,Bull,Persistence,Bull,1.0,0.0,0.0
2018-05-31,2018-05-31,2018-06-30,Bull,Bull,Logistic_Regression,Neutral,0.3742301267184936,0.6216707649500437,0.004099108331462742
2018-05-31,2018-05-31,2018-06-30,Bull,Bull,Random_Forest,Neutral,0.4863368506472764,0.5136631493527235,0.0
2018-05-31,2018-05-31,2018-06-30,Bull,Bull,Hist_Gradient_Boosting,Bull,0.8260485487668797,0.1739510840503584,3.6718276205409507e-07
2018-05-31,2018-05-31,2018-06-30,Bull,Bull,Gaussian_NB,Bull,0.5885596629181901,0.41144033708181127,0.0
2018-06-30,2018-06-30,2018-07-31,Bull,Bull,Persistence,Bull,1.0,0.0,0.0
2018-06-30,2018-06-30,2018-07-31,Bull,Bull,Logistic_Regression,Neutral,0.34904959861499635,0.6507813832165068,0.00016901816849679958
2018-06-30,2018-06-30,2018-07-31,Bull,Bull,Random_Forest,Bull,0.6936743500424485,0.30268551534947835,0.0036401346080736684
2018-06-30,2018-06-30,2018-07-31,Bull,Bull,Hist_Gradient_Boosting,Bull,0.9971122399913829,0.0028872389379229796,5.210706941368714e-07
2018-06-30,2018-06-30,2018-07-31,Bull,Bull,Gaussian_NB,Bull,0.8677736846569797,0.13222631534302115,0.0
2018-07-31,2018-07-31,2018-08-31,Bull,Bull,Persistence,Bull,1.0,0.0,0.0
2018-07-31,2018-07-31,2018-08-31,Bull,Bull,Logistic_Regression,Neutral,0.32028292556923066,0.6791432579020542,0.0005738165287150974
2018-07-31,2018-07-31,2018-08-31,Bull,Bull,Random_Forest,Bull,0.5954813707379555,0.4045186292620448,0.0
2018-07-31,2018-07-31,2018-08-31,Bull,Bull,Hist_Gradient_Boosting,Neutral,0.4457612756199872,0.5542384820232878,2.4235672496196297e-07
2018-07-31,2018-07-31,2018-08-31,Bull,Bull,Gaussian_NB,Bull,0.9084158348142983,0.09158416518570027,0.0
2018-08-31,2018-08-31,2018-09-30,Bull,Bull,Persistence,Bull,1.0,0.0,0.0
2018-08-31,2018-08-31,2018-09-30,Bull,Bull,Logistic_Regression,Neutral,0.43268397635464473,0.5671538682065242,0.00016215543883093476
2018-08-31,2018-08-31,2018-09-30,Bull,Bull,Random_Forest,Bull,0.5629135420345276,0.4334442011592635,0.0036422568062090327
2018-08-31,2018-08-31,2018-09-30,Bull,Bull,Hist_Gradient_Boosting,Neutral,0.32481861283613533,0.675181349545904,3.7617960536844294e-08
2018-08-31,2018-08-31,2018-09-30,Bull,Bull,Gaussian_NB,Bull,0.9759826043928168,0.024017395607182624,0.0
2018-09-30,2018-09-30,2018-10-31,Bull,Neutral,Persistence,Bull,1.0,0.0,0.0
2018-09-30,2018-09-30,2018-10-31,Bull,Neutral,Logistic_Regression,Bull,0.5279163237333844,0.4712623014798038,0.0008213747868118332
2018-09-30,2018-09-30,2018-10-31,Bull,Neutral,Random_Forest,Bull,0.737752174445799,0.2622478255542006,0.0
2018-09-30,2018-09-30,2018-10-31,Bull,Neutral,Hist_Gradient_Boosting,Bull,0.99962840663105,0.0003715809583454242,1.2410604552609892e-08
2018-09-30,2018-09-30,2018-10-31,Bull,Neutral,Gaussian_NB,Bull,0.9907180149167428,0.009281985083258157,0.0
2018-10-31,2018-10-31,2018-11-30,Neutral,Neutral,Persistence,Neutral,0.0,1.0,0.0
2018-10-31,2018-10-31,2018-11-30,Neutral,Neutral,Logistic_Regression,Bull,0.5673145395184668,0.4326060736495465,7.938683198681851e-05
2018-10-31,2018-10-31,2018-11-30,Neutral,Neutral,Random_Forest,Bull,0.6342918311130117,0.36570816888698865,0.0
2018-10-31,2018-10-31,2018-11-30,Neutral,Neutral,Hist_Gradient_Boosting,Bull,0.8820116655008756,0.11798830499901117,2.9500113231060065e-08
2018-10-31,2018-10-31,2018-11-30,Neutral,Neutral,Gaussian_NB,Bull,0.8801589326224413,0.11984106737756033,0.0
2018-11-30,2018-11-30,2018-12-31,Neutral,Neutral,Persistence,Neutral,0.0,1.0,0.0
2018-11-30,2018-11-30,2018-12-31,Neutral,Neutral,Logistic_Regression,Neutral,0.3245730843115945,0.6746202805191323,0.0008066351692732885
2018-11-30,2018-11-30,2018-12-31,Neutral,Neutral,Random_Forest,Bull,0.5268080083627983,0.4731919916372016,0.0
2018-11-30,2018-11-30,2018-12-31,Neutral,Neutral,Hist_Gradient_Boosting,Bull,0.9344082093347039,0.0655915006453799,2.900199160317325e-07
2018-11-30,2018-11-30,2018-12-31,Neutral,Neutral,Gaussian_NB,Neutral,0.29032670599250665,0.7096732940074947,0.0
2018-12-31,2018-12-31,2019-01-31,Neutral,Neutral,Persistence,Neutral,0.0,1.0,0.0
2018-12-31,2018-12-31,2019-01-31,Neutral,Neutral,Logistic_Regression,Neutral,0.24769654530558513,0.7520285343390339,0.0002749203553809648
2018-12-31,2018-12-31,2019-01-31,Neutral,Neutral,Random_Forest,Neutral,0.3638836549394851,0.6361163450605146,0.0
2018-12-31,2018-12-31,2019-01-31,Neutral,Neutral,Hist_Gradient_Boosting,Neutral,0.029965005669968833,0.9700348687728352,1.255571959506457e-07
2018-12-31,2018-12-31,2019-01-31,Neutral,Neutral,Gaussian_NB,Neutral,0.07654045014723485,0.9234595498527645,0.0
2019-01-31,2019-01-31,2019-02-28,Neutral,Bull,Persistence,Neutral,0.0,1.0,0.0
2019-01-31,2019-01-31,2019-02-28,Neutral,Bull,Logistic_Regression,Neutral,0.1624365614807207,0.8373716890894652,0.00019174942981397148
2019-01-31,2019-01-31,2019-02-28,Neutral,Bull,Random_Forest,Neutral,0.4065480967893787,0.5447273012310004,0.04872460197962074
2019-01-31,2019-01-31,2019-02-28,Neutral,Bull,Hist_Gradient_Boosting,Bull,0.7078667208610913,0.2921331558081471,1.233307617356751e-07
2019-01-31,2019-01-31,2019-02-28,Neutral,Bull,Gaussian_NB,Neutral,0.010957223072724136,0.9890427769272759,0.0
2019-02-28,2019-02-28,2019-03-31,Bull,Bull,Persistence,Bull,1.0,0.0,0.0
2019-02-28,2019-02-28,2019-03-31,Bull,Bull,Logistic_Regression,Neutral,0.17136918649972196,0.8286166737714519,1.4139728826215733e-05
2019-02-28,2019-02-28,2019-03-31,Bull,Bull,Random_Forest,Bull,0.5731173292468394,0.41372071997061033,0.013161950782549794
2019-02-28,2019-02-28,2019-03-31,Bull,Bull,Hist_Gradient_Boosting,Bull,0.9369757890729478,0.06302408578190269,1.2514514962647108e-07
2019-02-28,2019-02-28,2019-03-31,Bull,Bull,Gaussian_NB,Neutral,0.03789988773660865,0.9621001122633928,0.0
2019-03-31,2019-03-31,2019-04-30,Bull,Bull,Persistence,Bull,1.0,0.0,0.0
2019-03-31,2019-03-31,2019-04-30,Bull,Bull,Logistic_Regression,Neutral,0.4102865215939712,0.58970428479057,9.193615458792459e-06
2019-03-31,2019-03-31,2019-04-30,Bull,Bull,Random_Forest,Bull,0.510812363522398,0.489187636477602,0.0
2019-03-31,2019-03-31,2019-04-30,Bull,Bull,Hist_Gradient_Boosting,Bull,0.9748817358083254,0.025118155871916487,1.0831975813588185e-07
2019-03-31,2019-03-31,2019-04-30,Bull,Bull,Gaussian_NB,Neutral,0.13134011034114393,0.8686598896588578,0.0
2019-04-30,2019-04-30,2019-05-31,Bull,Bull,Persistence,Bull,1.0,0.0,0.0
2019-04-30,2019-04-30,2019-05-31,Bull,Bull,Logistic_Regression,Bull,0.651696435247874,0.34826833088152775,3.523387059818537e-05
2019-04-30,2019-04-30,2019-05-31,Bull,Bull,Random_Forest,Bull,0.5397926676583106,0.4602073323416892,0.0
2019-04-30,2019-04-30,2019-05-31,Bull,Bull,Hist_Gradient_Boosting,Bull,0.9891107449556373,0.010889242818884386,1.2225478263241222e-08
2019-04-30,2019-04-30,2019-05-31,Bull,Bull,Gaussian_NB,Neutral,0.3418003191314414,0.658199680868557,0.0
2019-05-31,2019-05-31,2019-06-30,Bull,Bull,Persistence,Bull,1.0,0.0,0.0
2019-05-31,2019-05-31,2019-06-30,Bull,Bull,Logistic_Regression,Bull,0.8807412420835362,0.11916482326908108,9.393464738255963e-05
2019-05-31,2019-05-31,2019-06-30,Bull,Bull,Random_Forest,Bull,0.6898648069803578,0.29862191821388223,0.011513274805759696
2019-05-31,2019-05-31,2019-06-30,Bull,Bull,Hist_Gradient_Boosting,Bull,0.9948977122049443,0.005100711058442962,1.576736612738642e-06
2019-05-31,2019-05-31,2019-06-30,Bull,Bull,Gaussian_NB,Bull,0.8018895628923705,0.19811043710762993,0.0
2019-06-30,2019-06-30,2019-07-31,Bull,Bull,Persistence,Bull,1.0,0.0,0.0
2019-06-30,2019-06-30,2019-07-31,Bull,Bull,Logistic_Regression,Bull,0.8774801932673097,0.12240524665074398,0.00011456008194611415
2019-06-30,2019-06-30,2019-07-31,Bull,Bull,Random_Forest,Bull,0.6965623487527398,0.2958189203846267,0.007618730862633302
2019-06-30,2019-06-30,2019-07-31,Bull,Bull,Hist_Gradient_Boosting,Bull,0.9991233206846345,0.0008721378105723991,4.541504793120814e-06
2019-06-30,2019-06-30,2019-07-31,Bull,Bull,Gaussian_NB,Bull,0.8547158265390435,0.14528417346095754,0.0
2019-07-31,2019-07-31,2019-08-31,Bull,Neutral,Persistence,Bull,1.0,0.0,0.0
2019-07-31,2019-07-31,2019-08-31,Bull,Neutral,Logistic_Regression,Bull,0.8206493604125153,0.17933760001921784,1.3039568266874774e-05
2019-07-31,2019-07-31,2019-08-31,Bull,Neutral,Random_Forest,Bull,0.7029492484502506,0.29705075154974925,0.0
2019-07-31,2019-07-31,2019-08-31,Bull,Neutral,Hist_Gradient_Boosting,Bull,0.9987286301651174,0.0012713358517482487,3.398313442541744e-08
2019-07-31,2019-07-31,2019-08-31,Bull,Neutral,Gaussian_NB,Bull,0.8281782926233493,0.17182170737664884,0.0
2019-08-31,2019-08-31,2019-09-30,Neutral,Bull,Persistence,Neutral,0.0,1.0,0.0
2019-08-31,2019-08-31,2019-09-30,Neutral,Bull,Logistic_Regression,Bull,0.5883118294292792,0.4114214366010924,0.0002667339696283923
2019-08-31,2019-08-31,2019-09-30,Neutral,Bull,Random_Forest,Bull,0.5339015430625776,0.4660984569374221,0.0
2019-08-31,2019-08-31,2019-09-30,Neutral,Bull,Hist_Gradient_Boosting,Neutral,0.19201925909748938,0.8079803010746716,4.398278389846594e-07
2019-08-31,2019-08-31,2019-09-30,Neutral,Bull,Gaussian_NB,Neutral,0.4720978475956881,0.5279021524043115,0.0
2019-09-30,2019-09-30,2019-10-31,Bull,Bull,Persistence,Bull,1.0,0.0,0.0
2019-09-30,2019-09-30,2019-10-31,Bull,Bull,Logistic_Regression,Bull,0.6101670043864379,0.38981364841471094,1.934719885101299e-05
2019-09-30,2019-09-30,2019-10-31,Bull,Bull,Random_Forest,Bull,0.5951449978093275,0.404855002190672,0.0
2019-09-30,2019-09-30,2019-10-31,Bull,Bull,Hist_Gradient_Boosting,Bull,0.9453472338105265,0.05465268931466741,7.687480618187913e-08
2019-09-30,2019-09-30,2019-10-31,Bull,Bull,Gaussian_NB,Bull,0.5920780451357601,0.4079219548642391,0.0
2019-10-31,2019-10-31,2019-11-30,Bull,Bull,Persistence,Bull,1.0,0.0,0.0
2019-10-31,2019-10-31,2019-11-30,Bull,Bull,Logistic_Regression,Bull,0.7404684211416902,0.25949454220341067,3.7036654899057634e-05
2019-10-31,2019-10-31,2019-11-30,Bull,Bull,Random_Forest,Bull,0.6379377531958523,0.36206224680414795,0.0
2019-10-31,2019-10-31,2019-11-30,Bull,Bull,Hist_Gradient_Boosting,Bull,0.986206542926652,0.013793446522495912,1.05508521812236e-08
2019-10-31,2019-10-31,2019-11-30,Bull,Bull,Gaussian_NB,Bull,0.764175934301482,0.23582406569851652,0.0
2019-11-30,2019-11-30,2019-12-31,Bull,Bull,Persistence,Bull,1.0,0.0,0.0
2019-11-30,2019-11-30,2019-12-31,Bull,Bull,Logistic_Regression,Bull,0.7241906013348269,0.27571828343504234,9.111523013074191e-05
2019-11-30,2019-11-30,2019-12-31,Bull,Bull,Random_Forest,Bull,0.6514400158535143,0.34855998414648515,0.0
2019-11-30,2019-11-30,2019-12-31,Bull,Bull,Hist_Gradient_Boosting,Bull,0.9745993617542371,0.025400612366839073,2.587892381455746e-08
2019-11-30,2019-11-30,2019-12-31,Bull,Bull,Gaussian_NB,Bull,0.8279796979983044,0.17202030200169463,0.0
2019-12-31,2019-12-31,2020-01-31,Bull,Bull,Persistence,Bull,1.0,0.0,0.0
2019-12-31,2019-12-31,2020-01-31,Bull,Bull,Logistic_Regression,Bull,0.7967388800715115,0.19029303842195758,0.012968081506530853
2019-12-31,2019-12-31,2020-01-31,Bull,Bull,Random_Forest,Bull,0.7627756743862748,0.23531034711910132,0.001913978494623656
2019-12-31,2019-12-31,2020-01-31,Bull,Bull,Hist_Gradient_Boosting,Bull,0.9995116278767524,0.0004009369589194907,8.743516432811904e-05
2019-12-31,2019-12-31,2020-01-31,Bull,Bull,Gaussian_NB,Bull,0.9441756744392434,0.05582432556075774,0.0
2020-01-31,2020-01-31,2020-02-29,Bull,Neutral,Persistence,Bull,1.0,0.0,0.0
2020-01-31,2020-01-31,2020-02-29,Bull,Neutral,Logistic_Regression,Bull,0.7276974575805895,0.19581076964844482,0.07649177277096583
2020-01-31,2020-01-31,2020-02-29,Bull,Neutral,Random_Forest,Bull,0.6477751314234858,0.25547288620678726,0.09675198236972746
2020-01-31,2020-01-31,2020-02-29,Bull,Neutral,Hist_Gradient_Boosting,Bull,0.9978213777691775,0.0018317344871086876,0.0003468877437138721
2020-01-31,2020-01-31,2020-02-29,Bull,Neutral,Gaussian_NB,Bull,0.9767893098331095,0.02321069016688954,0.0
2020-02-29,2020-02-29,2020-03-31,Neutral,Crisis,Persistence,Neutral,0.0,1.0,0.0
2020-02-29,2020-02-29,2020-03-31,Neutral,Crisis,Logistic_Regression,Bull,0.5920668650778789,0.39613688216119874,0.011796252760922417
2020-02-29,2020-02-29,2020-03-31,Neutral,Crisis,Random_Forest,Neutral,0.4925613357503623,0.49980072950076526,0.007637934748872386
2020-02-29,2020-02-29,2020-03-31,Neutral,Crisis,Hist_Gradient_Boosting,Neutral,0.08683112556348896,0.9130691574640372,9.971697247374959e-05
2020-02-29,2020-02-29,2020-03-31,Neutral,Crisis,Gaussian_NB,Bull,0.8551613561774745,0.14483864382252684,0.0
2020-03-31,2020-03-31,2020-04-30,Crisis,Crisis,Persistence,Crisis,0.0,0.0,1.0
2020-03-31,2020-03-31,2020-04-30,Crisis,Crisis,Logistic_Regression,Crisis,0.2048028089765515,0.09795446746183077,0.6972427235616178
2020-03-31,2020-03-31,2020-04-30,Crisis,Crisis,Random_Forest,Bull,0.46611550284750664,0.33543490714668256,0.1984495900058108
2020-03-31,2020-03-31,2020-04-30,Crisis,Crisis,Hist_Gradient_Boosting,Bull,0.5783852203280485,0.4106745883163907,0.010940191355560926
2020-03-31,2020-03-31,2020-04-30,Crisis,Crisis,Gaussian_NB,Bull,0.8932762145788911,0.10672378542110736,1.3100460188941176e-105
2020-04-30,2020-04-30,2020-05-31,Crisis,Neutral,Persistence,Crisis,0.0,0.0,1.0
2020-04-30,2020-04-30,2020-05-31,Crisis,Neutral,Logistic_Regression,Neutral,0.12777409720515176,0.8216995147864914,0.05052638800835679
2020-04-30,2020-04-30,2020-05-31,Crisis,Neutral,Random_Forest,Bull,0.6338559742123754,0.3365225562048949,0.029621469582730094
2020-04-30,2020-04-30,2020-05-31,Crisis,Neutral,Hist_Gradient_Boosting,Bull,0.8339844183987175,0.1660142971833363,1.2844179461817792e-06
2020-04-30,2020-04-30,2020-05-31,Crisis,Neutral,Gaussian_NB,Bull,0.9387009509594862,0.06129904904051669,0.0
2020-05-31,2020-05-31,2020-06-30,Neutral,Neutral,Persistence,Neutral,0.0,1.0,0.0
2020-05-31,2020-05-31,2020-06-30,Neutral,Neutral,Logistic_Regression,Crisis,1.1016421340834917e-21,1.8202661077531563e-15,0.9999999999999982
2020-05-31,2020-05-31,2020-06-30,Neutral,Neutral,Random_Forest,Neutral,0.4341408553793572,0.5316698164938463,0.0341893281267968
2020-05-31,2020-05-31,2020-06-30,Neutral,Neutral,Hist_Gradient_Boosting,Neutral,0.2604988441087957,0.7395001227376544,1.0331535498255665e-06
2020-05-31,2020-05-31,2020-06-30,Neutral,Neutral,Gaussian_NB,Neutral,1.226214672641415e-263,1.0,0.0
2020-06-30,2020-06-30,2020-07-31,Neutral,Bull,Persistence,Neutral,0.0,1.0,0.0
2020-06-30,2020-06-30,2020-07-31,Neutral,Bull,Logistic_Regression,Neutral,0.000383671644265461,0.9986368550452772,0.0009794733104572526
2020-06-30,2020-06-30,2020-07-31,Neutral,Bull,Random_Forest,Neutral,0.2424702424899475,0.7455911720222876,0.011938585487764514
2020-06-30,2020-06-30,2020-07-31,Neutral,Bull,Hist_Gradient_Boosting,Neutral,0.018237120628543397,0.981761920892052,9.584794044678845e-07
2020-06-30,2020-06-30,2020-07-31,Neutral,Bull,Gaussian_NB,Neutral,0.0,1.0,0.0
2020-07-31,2020-07-31,2020-08-31,Bull,Bull,Persistence,Bull,1.0,0.0,0.0
2020-07-31,2020-07-31,2020-08-31,Bull,Bull,Logistic_Regression,Bull,0.5652954713468541,0.37050157592478883,0.06420295272835701
2020-07-31,2020-07-31,2020-08-31,Bull,Bull,Random_Forest,Neutral,0.37495682844833306,0.6132042217119615,0.011838949839705836
2020-07-31,2020-07-31,2020-08-31,Bull,Bull,Hist_Gradient_Boosting,Neutral,0.20931288783879592,0.7906855199671418,1.5921940623848368e-06
2020-07-31,2020-07-31,2020-08-31,Bull,Bull,Gaussian_NB,Neutral,6.854741258090434e-16,1.0,0.0
2020-08-31,2020-08-31,2020-09-30,Bull,Neutral,Persistence,Bull,1.0,0.0,0.0
2020-08-31,2020-08-31,2020-09-30,Bull,Neutral,Logistic_Regression,Bull,0.9202499091855425,0.07112980045234042,0.008620290362117212
2020-08-31,2020-08-31,2020-09-30,Bull,Neutral,Random_Forest,Bull,0.48566165834797187,0.46032041012997427,0.05401793152205382
2020-08-31,2020-08-31,2020-09-30,Bull,Neutral,Hist_Gradient_Boosting,Bull,0.9145218409639602,0.08547262029265279,5.538743387099287e-06
2020-08-31,2020-08-31,2020-09-30,Bull,Neutral,Gaussian_NB,Neutral,3.152096455254217e-05,0.9999684790354474,0.0
2020-09-30,2020-09-30,2020-10-31,Neutral,Neutral,Persistence,Neutral,0.0,1.0,0.0
2020-09-30,2020-09-30,2020-10-31,Neutral,Neutral,Logistic_Regression,Neutral,0.14799645662114158,0.8465368234115116,0.005466719967346846
2020-09-30,2020-09-30,2020-10-31,Neutral,Neutral,Random_Forest,Neutral,0.4798973941793134,0.5088003333552281,0.011302272465458469
2020-09-30,2020-09-30,2020-10-31,Neutral,Neutral,Hist_Gradient_Boosting,Neutral,0.30427466972047384,0.6957191485325088,6.181747017371398e-06
2020-09-30,2020-09-30,2020-10-31,Neutral,Neutral,Gaussian_NB,Neutral,4.727613655681761e-05,0.9999527238634437,0.0
2020-10-31,2020-10-31,2020-11-30,Neutral,Bull,Persistence,Neutral,0.0,1.0,0.0
2020-10-31,2020-10-31,2020-11-30,Neutral,Bull,Logistic_Regression,Neutral,0.09982801391647568,0.8856564392573631,0.014515546826161201
2020-10-31,2020-10-31,2020-11-30,Neutral,Bull,Random_Forest,Neutral,0.35392401235762677,0.6221417798971982,0.023934207745175472
2020-10-31,2020-10-31,2020-11-30,Neutral,Bull,Hist_Gradient_Boosting,Neutral,0.05444854031280646,0.9455182071862815,3.325250091202154e-05
2020-10-31,2020-10-31,2020-11-30,Neutral,Bull,Gaussian_NB,Neutral,0.000896341727257358,0.9991036582727418,0.0
2020-11-30,2020-11-30,2020-12-31,Bull,Bull,Persistence,Bull,1.0,0.0,0.0
2020-11-30,2020-11-30,2020-12-31,Bull,Bull,Logistic_Regression,Neutral,0.2214342988679155,0.7663071809713298,0.012258520160754788
2020-11-30,2020-11-30,2020-12-31,Bull,Bull,Random_Forest,Bull,0.5456738264961047,0.4131555168257547,0.041170656678140884
2020-11-30,2020-11-30,2020-12-31,Bull,Bull,Hist_Gradient_Boosting,Bull,0.982226498149731,0.017759108348409155,1.4393501859678012e-05
2020-11-30,2020-11-30,2020-12-31,Bull,Bull,Gaussian_NB,Neutral,0.018906910578157052,0.9810930894218424,0.0
2020-12-31,2020-12-31,2021-01-31,Bull,Neutral,Persistence,Bull,1.0,0.0,0.0
2020-12-31,2020-12-31,2021-01-31,Bull,Neutral,Logistic_Regression,Neutral,0.3814156057578505,0.608302057404118,0.01028233683803149
2020-12-31,2020-12-31,2021-01-31,Bull,Neutral,Random_Forest,Bull,0.5040142103611482,0.4853540616028389,0.01063172803601286
2020-12-31,2020-12-31,2021-01-31,Bull,Neutral,Hist_Gradient_Boosting,Bull,0.5323026915611483,0.46765235589794857,4.495254090312866e-05
2020-12-31,2020-12-31,2021-01-31,Bull,Neutral,Gaussian_NB,Neutral,0.16106348666451167,0.8389365133354895,0.0
2021-01-31,2021-01-31,2021-02-28,Neutral,Neutral,Persistence,Neutral,0.0,1.0,0.0
2021-01-31,2021-01-31,2021-02-28,Neutral,Neutral,Logistic_Regression,Neutral,0.2840072138247386,0.7093023880475334,0.0066903981277280965
2021-01-31,2021-01-31,2021-02-28,Neutral,Neutral,Random_Forest,Neutral,0.4433426222972641,0.5435777560610209,0.01307962164171518
2021-01-31,2021-01-31,2021-02-28,Neutral,Neutral,Hist_Gradient_Boosting,Neutral,0.20908751986242685,0.7909122656483064,2.144892667685451e-07
2021-01-31,2021-01-31,2021-02-28,Neutral,Neutral,Gaussian_NB,Neutral,0.19313386153940748,0.8068661384605912,0.0
2021-02-28,2021-02-28,2021-03-31,Neutral,Bull,Persistence,Neutral,0.0,1.0,0.0
2021-02-28,2021-02-28,2021-03-31,Neutral,Bull,Logistic_Regression,Neutral,0.23076786748503453,0.7626362693516399,0.006595863163325469
2021-02-28,2021-02-28,2021-03-31,Neutral,Bull,Random_Forest,Neutral,0.44011368735156364,0.5210260001166309,0.038860312531805496
2021-02-28,2021-02-28,2021-03-31,Neutral,Bull,Hist_Gradient_Boosting,Bull,0.6819595913771268,0.31803756858432475,2.8400385484797798e-06
2021-02-28,2021-02-28,2021-03-31,Neutral,Bull,Gaussian_NB,Neutral,0.2013652729755283,0.7986347270244719,0.0
2021-03-31,2021-03-31,2021-04-30,Bull,Bull,Persistence,Bull,1.0,0.0,0.0
2021-03-31,2021-03-31,2021-04-30,Bull,Bull,Logistic_Regression,Neutral,0.30696556265974834,0.658741251943068,0.03429318539718362
2021-03-31,2021-03-31,2021-04-30,Bull,Bull,Random_Forest,Neutral,0.4457040404170089,0.5194566020510185,0.03483935753197259
2021-03-31,2021-03-31,2021-04-30,Bull,Bull,Hist_Gradient_Boosting,Neutral,0.11930392179454638,0.8806953051078441,7.730976095828842e-07
2021-03-31,2021-03-31,2021-04-30,Bull,Bull,Gaussian_NB,Neutral,0.1988492885560572,0.8011507114439437,0.0
2021-04-30,2021-04-30,2021-05-31,Bull,Bull,Persistence,Bull,1.0,0.0,0.0
2021-04-30,2021-04-30,2021-05-31,Bull,Bull,Logistic_Regression,Crisis,0.03616386832743915,0.0928362390105604,0.8709998926620005
2021-04-30,2021-04-30,2021-05-31,Bull,Bull,Random_Forest,Bull,0.4356380544035744,0.20297807586149474,0.36138386973493103
2021-04-30,2021-04-30,2021-05-31,Bull,Bull,Hist_Gradient_Boosting,Crisis,0.46280600351914275,0.005431821723533941,0.5317621747573232
2021-04-30,2021-04-30,2021-05-31,Bull,Bull,Gaussian_NB,Bull,0.8120949237246965,0.18790507627530412,2.4182973784809135e-282
2021-05-31,2021-05-31,2021-06-30,Bull,Bull,Persistence,Bull,1.0,0.0,0.0
2021-05-31,2021-05-31,2021-06-30,Bull,Bull,Logistic_Regression,Crisis,0.015427183437909641,0.00022183059887023298,0.9843509859632202
2021-05-31,2021-05-31,2021-06-30,Bull,Bull,Random_Forest,Bull,0.5717796356097877,0.23201337331070998,0.19620699107950293
2021-05-31,2021-05-31,2021-06-30,Bull,Bull,Hist_Gradient_Boosting,Bull,0.9978263959359259,0.0021681577377632693,5.4463263107678165e-06
2021-05-31,2021-05-31,2021-06-30,Bull,Bull,Gaussian_NB,Neutral,0.0010632342575204502,0.998936765742476,0.0
2021-06-30,2021-06-30,2021-07-31,Bull,Bull,Persistence,Bull,1.0,0.0,0.0
2021-06-30,2021-06-30,2021-07-31,Bull,Bull,Logistic_Regression,Crisis,0.1659659322786536,0.004319462369113605,0.8297146053522327
2021-06-30,2021-06-30,2021-07-31,Bull,Bull,Random_Forest,Bull,0.5988477275358137,0.22035458909130143,0.1807976833728844
2021-06-30,2021-06-30,2021-07-31,Bull,Bull,Hist_Gradient_Boosting,Bull,0.9764314735449163,0.023494848050360877,7.367840472258613e-05
2021-06-30,2021-06-30,2021-07-31,Bull,Bull,Gaussian_NB,Neutral,0.05845657200123592,0.9415434279987652,0.0
2021-07-31,2021-07-31,2021-08-31,Bull,Bull,Persistence,Bull,1.0,0.0,0.0
2021-07-31,2021-07-31,2021-08-31,Bull,Bull,Logistic_Regression,Crisis,0.08667919519002168,0.00978219618612451,0.9035386086238537
2021-07-31,2021-07-31,2021-08-31,Bull,Bull,Random_Forest,Bull,0.5956273347687304,0.31283847911850365,0.09153418611276629
2021-07-31,2021-07-31,2021-08-31,Bull,Bull,Hist_Gradient_Boosting,Bull,0.6066347429327068,0.3933635609795311,1.6960877621642518e-06
2021-07-31,2021-07-31,2021-08-31,Bull,Bull,Gaussian_NB,Bull,0.7877727753899872,0.21222722461001267,0.0
2021-08-31,2021-08-31,2021-09-30,Bull,Bull,Persistence,Bull,1.0,0.0,0.0
2021-08-31,2021-08-31,2021-09-30,Bull,Bull,Logistic_Regression,Bull,0.5535713611945913,0.1444946762403034,0.30193396256510535
2021-08-31,2021-08-31,2021-09-30,Bull,Bull,Random_Forest,Bull,0.6240084645288194,0.33000649656230513,0.04598503890887484
2021-08-31,2021-08-31,2021-09-30,Bull,Bull,Hist_Gradient_Boosting,Bull,0.9032941075125639,0.09670514812570795,7.443617281553969e-07
2021-08-31,2021-08-31,2021-09-30,Bull,Bull,Gaussian_NB,Bull,0.9250247179198227,0.07497528208017885,0.0
2021-09-30,2021-09-30,2021-10-31,Bull,Bull,Persistence,Bull,1.0,0.0,0.0
2021-09-30,2021-09-30,2021-10-31,Bull,Bull,Logistic_Regression,Bull,0.45585540028797195,0.22752680636947084,0.3166177933425572
2021-09-30,2021-09-30,2021-10-31,Bull,Bull,Random_Forest,Bull,0.6325479002937443,0.2895084181780134,0.07794368152824324
2021-09-30,2021-09-30,2021-10-31,Bull,Bull,Hist_Gradient_Boosting,Bull,0.9959943835109298,0.004005358869916717,2.5761915326609153e-07
2021-09-30,2021-09-30,2021-10-31,Bull,Bull,Gaussian_NB,Bull,0.9223207303618532,0.07767926963814803,0.0
2021-10-31,2021-10-31,2021-11-30,Bull,Neutral,Persistence,Bull,1.0,0.0,0.0
2021-10-31,2021-10-31,2021-11-30,Bull,Neutral,Logistic_Regression,Neutral,0.29966079654521677,0.39021888918684344,0.31012031426793985
2021-10-31,2021-10-31,2021-11-30,Bull,Neutral,Random_Forest,Bull,0.6773306669479086,0.29020122715564917,0.032468105896442494
2021-10-31,2021-10-31,2021-11-30,Bull,Neutral,Hist_Gradient_Boosting,Bull,0.976887506563524,0.023111755454913816,7.379815621260017e-07
2021-10-31,2021-10-31,2021-11-30,Bull,Neutral,Gaussian_NB,Bull,0.9399526652527095,0.06004733474728886,0.0
2021-11-30,2021-11-30,2021-12-31,Neutral,Neutral,Persistence,Neutral,0.0,1.0,0.0
2021-11-30,2021-11-30,2021-12-31,Neutral,Neutral,Logistic_Regression,Crisis,0.16901307250967454,0.38446614555731784,0.4465207819330077
2021-11-30,2021-11-30,2021-12-31,Neutral,Neutral,Random_Forest,Bull,0.5347823385612899,0.44641416048820587,0.018803500950504398
2021-11-30,2021-11-30,2021-12-31,Neutral,Neutral,Hist_Gradient_Boosting,Bull,0.8283234022022915,0.17167433160611556,2.266191593078089e-06
2021-11-30,2021-11-30,2021-12-31,Neutral,Neutral,Gaussian_NB,Bull,0.715614056527824,0.28438594347217594,0.0
2021-12-31,2021-12-31,2022-01-31,Neutral,Neutral,Persistence,Neutral,0.0,1.0,0.0
2021-12-31,2021-12-31,2022-01-31,Neutral,Neutral,Logistic_Regression,Crisis,0.06922167874805023,0.12533606099227687,0.805442260259673
2021-12-31,2021-12-31,2022-01-31,Neutral,Neutral,Random_Forest,Neutral,0.39907146779753705,0.5812409464693485,0.019687585733114518
2021-12-31,2021-12-31,2022-01-31,Neutral,Neutral,Hist_Gradient_Boosting,Neutral,0.176111608461604,0.823886983992004,1.4075463920562015e-06
2021-12-31,2021-12-31,2022-01-31,Neutral,Neutral,Gaussian_NB,Neutral,0.06552552494866755,0.9344744750513316,0.0
2022-01-31,2022-01-31,2022-02-28,Neutral,Neutral,Persistence,Neutral,0.0,1.0,0.0
2022-01-31,2022-01-31,2022-02-28,Neutral,Neutral,Logistic_Regression,Crisis,0.10423047138748853,0.3184090570793766,0.5773604715331349
2022-01-31,2022-01-31,2022-02-28,Neutral,Neutral,Random_Forest,Neutral,0.3787275380890581,0.5848630067224708,0.03640945518847094
2022-01-31,2022-01-31,2022-02-28,Neutral,Neutral,Hist_Gradient_Boosting,Neutral,0.03303874651274004,0.9669593040690743,1.9494181856318376e-06
2022-01-31,2022-01-31,2022-02-28,Neutral,Neutral,Gaussian_NB,Neutral,0.0008993012959405388,0.9991006987040607,0.0
2022-02-28,2022-02-28,2022-03-31,Neutral,Neutral,Persistence,Neutral,0.0,1.0,0.0
2022-02-28,2022-02-28,2022-03-31,Neutral,Neutral,Logistic_Regression,Neutral,0.04510348705078664,0.5480723138331498,0.4068241991160636
2022-02-28,2022-02-28,2022-03-31,Neutral,Neutral,Random_Forest,Neutral,0.3453050089458199,0.6309404322970646,0.023754558757115723
2022-02-28,2022-02-28,2022-03-31,Neutral,Neutral,Hist_Gradient_Boosting,Neutral,0.14552099669449042,0.8544737746482857,5.228657223890431e-06
2022-02-28,2022-02-28,2022-03-31,Neutral,Neutral,Gaussian_NB,Neutral,2.4497724221102823e-05,0.9999755022757788,0.0
2022-03-31,2022-03-31,2022-04-30,Neutral,Neutral,Persistence,Neutral,0.0,1.0,0.0
2022-03-31,2022-03-31,2022-04-30,Neutral,Neutral,Logistic_Regression,Neutral,0.04714026453948963,0.7513443237123446,0.20151541174816562
2022-03-31,2022-03-31,2022-04-30,Neutral,Neutral,Random_Forest,Neutral,0.36560699235742505,0.602593574233941,0.03179943340863445
2022-03-31,2022-03-31,2022-04-30,Neutral,Neutral,Hist_Gradient_Boosting,Bull,0.8132540934781759,0.18673939469792938,6.511823894651118e-06
2022-03-31,2022-03-31,2022-04-30,Neutral,Neutral,Gaussian_NB,Neutral,1.6180534343219543e-06,0.9999983819465664,0.0
2022-04-30,2022-04-30,2022-05-31,Neutral,Neutral,Persistence,Neutral,0.0,1.0,0.0
2022-04-30,2022-04-30,2022-05-31,Neutral,Neutral,Logistic_Regression,Neutral,0.010065966516797774,0.9881435506530949,0.001790482830107233
2022-04-30,2022-04-30,2022-05-31,Neutral,Neutral,Random_Forest,Neutral,0.25648511334406204,0.7258481730007444,0.01766671365519369
2022-04-30,2022-04-30,2022-05-31,Neutral,Neutral,Hist_Gradient_Boosting,Neutral,0.06438913259694504,0.9356092095887603,1.657814294701525e-06
2022-04-30,2022-04-30,2022-05-31,Neutral,Neutral,Gaussian_NB,Neutral,2.2259208346252725e-09,0.9999999977740792,0.0
2022-05-31,2022-05-31,2022-06-30,Neutral,Neutral,Persistence,Neutral,0.0,1.0,0.0
2022-05-31,2022-05-31,2022-06-30,Neutral,Neutral,Logistic_Regression,Neutral,0.011868377702196092,0.9037808223334077,0.08435079996439604
2022-05-31,2022-05-31,2022-06-30,Neutral,Neutral,Random_Forest,Neutral,0.2724201861898093,0.7001730784277531,0.027406735382437344
2022-05-31,2022-05-31,2022-06-30,Neutral,Neutral,Hist_Gradient_Boosting,Neutral,0.030176734415040013,0.9698216448061977,1.6207787623162432e-06
2022-05-31,2022-05-31,2022-06-30,Neutral,Neutral,Gaussian_NB,Neutral,4.0898479849165575e-08,0.9999999591015198,0.0
2022-06-30,2022-06-30,2022-07-31,Neutral,Neutral,Persistence,Neutral,0.0,1.0,0.0
2022-06-30,2022-06-30,2022-07-31,Neutral,Neutral,Logistic_Regression,Neutral,0.006255910077918587,0.988277540403192,0.005466549518889377
2022-06-30,2022-06-30,2022-07-31,Neutral,Neutral,Random_Forest,Neutral,0.2077422519850815,0.7232728790428672,0.06898486897205153
2022-06-30,2022-06-30,2022-07-31,Neutral,Neutral,Hist_Gradient_Boosting,Neutral,0.00597162612659287,0.9940277557571114,6.181162956933825e-07
2022-06-30,2022-06-30,2022-07-31,Neutral,Neutral,Gaussian_NB,Neutral,4.4216133089429425e-10,0.9999999995578399,0.0
2022-07-31,2022-07-31,2022-08-31,Neutral,Neutral,Persistence,Neutral,0.0,1.0,0.0
2022-07-31,2022-07-31,2022-08-31,Neutral,Neutral,Logistic_Regression,Neutral,0.0033005890978126187,0.992863636948694,0.003835773953493317
2022-07-31,2022-07-31,2022-08-31,Neutral,Neutral,Random_Forest,Neutral,0.1651624358823491,0.7770949623189483,0.057742601798702414
2022-07-31,2022-07-31,2022-08-31,Neutral,Neutral,Hist_Gradient_Boosting,Neutral,0.04458592833554114,0.9554011917015648,1.287996289399271e-05
2022-07-31,2022-07-31,2022-08-31,Neutral,Neutral,Gaussian_NB,Neutral,1.8092530432938769e-12,0.9999999999981917,0.0
2022-08-31,2022-08-31,2022-09-30,Neutral,Neutral,Persistence,Neutral,0.0,1.0,0.0
2022-08-31,2022-08-31,2022-09-30,Neutral,Neutral,Logistic_Regression,Neutral,0.005060636456138466,0.9943071050218523,0.0006322585220092912
2022-08-31,2022-08-31,2022-09-30,Neutral,Neutral,Random_Forest,Neutral,0.14758748375168948,0.8115073357142523,0.0409051805340586
2022-08-31,2022-08-31,2022-09-30,Neutral,Neutral,Hist_Gradient_Boosting,Neutral,0.03431262706767353,0.9656865351809095,8.377514169708812e-07
2022-08-31,2022-08-31,2022-09-30,Neutral,Neutral,Gaussian_NB,Neutral,5.290076637435363e-11,0.9999999999471001,0.0
2022-09-30,2022-09-30,2022-10-31,Neutral,Neutral,Persistence,Neutral,0.0,1.0,0.0
2022-09-30,2022-09-30,2022-10-31,Neutral,Neutral,Logistic_Regression,Crisis,0.007308659408763617,0.4473780036542352,0.5453133369370012
2022-09-30,2022-09-30,2022-10-31,Neutral,Neutral,Random_Forest,Neutral,0.19523020360732138,0.7479565522888768,0.05681324410380191
2022-09-30,2022-09-30,2022-10-31,Neutral,Neutral,Hist_Gradient_Boosting,Neutral,0.008713845032250717,0.9912698729966256,1.6281971123639666e-05
2022-09-30,2022-09-30,2022-10-31,Neutral,Neutral,Gaussian_NB,Neutral,1.506014175805737e-08,0.9999999849398585,0.0
2022-10-31,2022-10-31,2022-11-30,Neutral,Neutral,Persistence,Neutral,0.0,1.0,0.0
2022-10-31,2022-10-31,2022-11-30,Neutral,Neutral,Logistic_Regression,Crisis,0.0047359024289802334,0.46904471481587184,0.526219382755148
2022-10-31,2022-10-31,2022-11-30,Neutral,Neutral,Random_Forest,Neutral,0.3511100524568037,0.5565520881968142,0.09233785934638249
2022-10-31,2022-10-31,2022-11-30,Neutral,Neutral,Hist_Gradient_Boosting,Bull,0.7049777401191112,0.294848665656496,0.0001735942243928476
2022-10-31,2022-10-31,2022-11-30,Neutral,Neutral,Gaussian_NB,Neutral,4.2987278789461166e-08,0.9999999570127196,0.0
2022-11-30,2022-11-30,2022-12-31,Neutral,Neutral,Persistence,Neutral,0.0,1.0,0.0
2022-11-30,2022-11-30,2022-12-31,Neutral,Neutral,Logistic_Regression,Neutral,0.0074842592792113425,0.6731182717228793,0.3193974689979094
2022-11-30,2022-11-30,2022-12-31,Neutral,Neutral,Random_Forest,Neutral,0.21743082329728475,0.6653508701800246,0.11721830652269093
2022-11-30,2022-11-30,2022-12-31,Neutral,Neutral,Hist_Gradient_Boosting,Neutral,0.06779621343423396,0.9321927648063191,1.1021759446984751e-05
2022-11-30,2022-11-30,2022-12-31,Neutral,Neutral,Gaussian_NB,Neutral,7.883322772018241e-08,0.9999999211667716,0.0
2022-12-31,2022-12-31,2023-01-31,Neutral,Neutral,Persistence,Neutral,0.0,1.0,0.0
2022-12-31,2022-12-31,2023-01-31,Neutral,Neutral,Logistic_Regression,Neutral,0.008784464368298125,0.9539410201330252,0.037274515498676705
2022-12-31,2022-12-31,2023-01-31,Neutral,Neutral,Random_Forest,Neutral,0.13322311641918924,0.8044521949951375,0.062324688585672944
2022-12-31,2022-12-31,2023-01-31,Neutral,Neutral,Hist_Gradient_Boosting,Neutral,0.0011391572788855334,0.9988585142460888,2.3284750256363155e-06
2022-12-31,2022-12-31,2023-01-31,Neutral,Neutral,Gaussian_NB,Neutral,3.0339187008699877e-08,0.9999999696608133,0.0
2023-01-31,2023-01-31,2023-02-28,Neutral,Neutral,Persistence,Neutral,0.0,1.0,0.0
2023-01-31,2023-01-31,2023-02-28,Neutral,Neutral,Logistic_Regression,Neutral,0.014857759790918565,0.9200008113555886,0.06514142885349282
2023-01-31,2023-01-31,2023-02-28,Neutral,Neutral,Random_Forest,Neutral,0.11408871590758102,0.8025446287902582,0.08336665530216078
2023-01-31,2023-01-31,2023-02-28,Neutral,Neutral,Hist_Gradient_Boosting,Neutral,0.0003172517572845668,0.9996803215088889,2.426733826593782e-06
2023-01-31,2023-01-31,2023-02-28,Neutral,Neutral,Gaussian_NB,Neutral,1.3104890016293447e-07,0.9999998689510982,6.212869213633064e-184
2023-02-28,2023-02-28,2023-03-31,Neutral,Neutral,Persistence,Neutral,0.0,1.0,0.0
2023-02-28,2023-02-28,2023-03-31,Neutral,Neutral,Logistic_Regression,Neutral,0.024689902103422184,0.627082114425079,0.3482279834714988
2023-02-28,2023-02-28,2023-03-31,Neutral,Neutral,Random_Forest,Neutral,0.1235729998031692,0.7526558026561153,0.12377119754071511
2023-02-28,2023-02-28,2023-03-31,Neutral,Neutral,Hist_Gradient_Boosting,Neutral,0.00046201838280054974,0.999536847794263,1.133822936580774e-06
2023-02-28,2023-02-28,2023-03-31,Neutral,Neutral,Gaussian_NB,Neutral,2.4158931124336406e-08,0.9999999758410677,1.3297835400054715e-67
2023-03-31,2023-03-31,2023-04-30,Neutral,Bull,Persistence,Neutral,0.0,1.0,0.0
2023-03-31,2023-03-31,2023-04-30,Neutral,Bull,Logistic_Regression,Crisis,0.013094013868375064,0.2411746826191965,0.7457313035124283
2023-03-31,2023-03-31,2023-04-30,Neutral,Bull,Random_Forest,Neutral,0.11920570732875323,0.8091726206698708,0.07162167200137586
2023-03-31,2023-03-31,2023-04-30,Neutral,Bull,Hist_Gradient_Boosting,Neutral,0.012826406381083311,0.9871672826742965,6.3109446202555774e-06
2023-03-31,2023-03-31,2023-04-30,Neutral,Bull,Gaussian_NB,Neutral,1.2870591598441471e-08,0.9999999871294102,0.0
2023-04-30,2023-04-30,2023-05-31,Bull,Bull,Persistence,Bull,1.0,0.0,0.0
2023-04-30,2023-04-30,2023-05-31,Bull,Bull,Logistic_Regression,Neutral,0.24374831647738646,0.7287646541834539,0.027487029339159565
2023-04-30,2023-04-30,2023-05-31,Bull,Bull,Random_Forest,Neutral,0.22686162142334257,0.7261983706995446,0.04694000787711307
2023-04-30,2023-04-30,2023-05-31,Bull,Bull,Hist_Gradient_Boosting,Neutral,0.01711349501680067,0.9828397240459853,4.678093721398213e-05
2023-04-30,2023-04-30,2023-05-31,Bull,Bull,Gaussian_NB,Neutral,7.24743857238779e-06,0.9999927525614265,1.0148289225900282e-91
2023-05-31,2023-05-31,2023-06-30,Bull,Bull,Persistence,Bull,1.0,0.0,0.0
2023-05-31,2023-05-31,2023-06-30,Bull,Bull,Logistic_Regression,Neutral,0.42491940850415766,0.5612655379844945,0.013815053511347807
2023-05-31,2023-05-31,2023-06-30,Bull,Bull,Random_Forest,Neutral,0.32494914919859696,0.6328205284879813,0.042230322313421935
2023-05-31,2023-05-31,2023-06-30,Bull,Bull,Hist_Gradient_Boosting,Neutral,0.11202494451286117,0.8879690471591398,6.008327998966408e-06
2023-05-31,2023-05-31,2023-06-30,Bull,Bull,Gaussian_NB,Neutral,0.00011376224548725436,0.9998862377545145,0.0
2023-06-30,2023-06-30,2023-07-31,Bull,Bull,Persistence,Bull,1.0,0.0,0.0
2023-06-30,2023-06-30,2023-07-31,Bull,Bull,Logistic_Regression,Bull,0.5928525446904096,0.37688692796368306,0.030260527345907305
2023-06-30,2023-06-30,2023-07-31,Bull,Bull,Random_Forest,Neutral,0.40829819471685774,0.5617730325989932,0.029928772684149233
2023-06-30,2023-06-30,2023-07-31,Bull,Bull,Hist_Gradient_Boosting,Bull,0.70251419311032,0.29736286407812135,0.0001229428115587
2023-06-30,2023-06-30,2023-07-31,Bull,Bull,Gaussian_NB,Neutral,0.002356979402637076,0.9976430205973627,0.0
2023-07-31,2023-07-31,2023-08-31,Bull,Bull,Persistence,Bull,1.0,0.0,0.0
2023-07-31,2023-07-31,2023-08-31,Bull,Bull,Logistic_Regression,Bull,0.8979681039542078,0.07758724124652039,0.024444654799271673
2023-07-31,2023-07-31,2023-08-31,Bull,Bull,Random_Forest,Bull,0.5618261223754764,0.3967849439341531,0.04138893369037022
2023-07-31,2023-07-31,2023-08-31,Bull,Bull,Hist_Gradient_Boosting,Bull,0.9074645504927364,0.09233639793452884,0.00019905157273478037
2023-07-31,2023-07-31,2023-08-31,Bull,Bull,Gaussian_NB,Neutral,0.21321515677190878,0.7867848432280906,6.862603570602913e-81
2023-08-31,2023-08-31,2023-09-30,Bull,Bull,Persistence,Bull,1.0,0.0,0.0
2023-08-31,2023-08-31,2023-09-30,Bull,Bull,Logistic_Regression,Bull,0.6189745407085077,0.05939372941091306,0.3216317298805792
2023-08-31,2023-08-31,2023-09-30,Bull,Bull,Random_Forest,Bull,0.5802619559533337,0.30701127372146014,0.11272677032520581
2023-08-31,2023-08-31,2023-09-30,Bull,Bull,Hist_Gradient_Boosting,Bull,0.9954561770871843,0.004505229021587899,3.859389122769662e-05
2023-08-31,2023-08-31,2023-09-30,Bull,Bull,Gaussian_NB,Bull,0.793989141297298,0.20601085870270042,9.67606301968713e-203
2023-09-30,2023-09-30,2023-10-31,Bull,Bull,Persistence,Bull,1.0,0.0,0.0
2023-09-30,2023-09-30,2023-10-31,Bull,Bull,Logistic_Regression,Bull,0.8172441181885767,0.07922069736912046,0.1035351844423028
2023-09-30,2023-09-30,2023-10-31,Bull,Bull,Random_Forest,Bull,0.6373414444668292,0.307116398003526,0.055542157529645024
2023-09-30,2023-09-30,2023-10-31,Bull,Bull,Hist_Gradient_Boosting,Bull,0.997550859154064,0.0024410209231063656,8.119922829567736e-06
2023-09-30,2023-09-30,2023-10-31,Bull,Bull,Gaussian_NB,Bull,0.8461697183414344,0.1538302816585673,0.0
2023-10-31,2023-10-31,2023-11-30,Bull,Bull,Persistence,Bull,1.0,0.0,0.0
2023-10-31,2023-10-31,2023-11-30,Bull,Bull,Logistic_Regression,Bull,0.8227354454378975,0.11961087256467941,0.05765368199742306
2023-10-31,2023-10-31,2023-11-30,Bull,Bull,Random_Forest,Bull,0.6450056450546321,0.28652203743925564,0.06847231750611238
2023-10-31,2023-10-31,2023-11-30,Bull,Bull,Hist_Gradient_Boosting,Bull,0.979745724228917,0.020176868277402248,7.740749368073743e-05
2023-10-31,2023-10-31,2023-11-30,Bull,Bull,Gaussian_NB,Bull,0.892154435560193,0.10784556443980632,1.837109547470511e-22
2023-11-30,2023-11-30,2023-12-31,Bull,Bull,Persistence,Bull,1.0,0.0,0.0
2023-11-30,2023-11-30,2023-12-31,Bull,Bull,Logistic_Regression,Bull,0.7794105026994104,0.2124034067134846,0.008186090587104889
2023-11-30,2023-11-30,2023-12-31,Bull,Bull,Random_Forest,Bull,0.6416752682479112,0.33834692591470583,0.019977805837383223
2023-11-30,2023-11-30,2023-12-31,Bull,Bull,Hist_Gradient_Boosting,Bull,0.9819647061129183,0.0180333176141673,1.976272914484951e-06
2023-11-30,2023-11-30,2023-12-31,Bull,Bull,Gaussian_NB,Bull,0.9066337191829064,0.09336628081709242,0.0
2023-12-31,2023-12-31,2024-01-31,Bull,Bull,Persistence,Bull,1.0,0.0,0.0
2023-12-31,2023-12-31,2024-01-31,Bull,Bull,Logistic_Regression,Bull,0.8087491552091358,0.18108781906914653,0.01016302572171775
2023-12-31,2023-12-31,2024-01-31,Bull,Bull,Random_Forest,Bull,0.6095234190010743,0.37877453993036,0.011702041068566172
2023-12-31,2023-12-31,2024-01-31,Bull,Bull,Hist_Gradient_Boosting,Bull,0.9358874519652371,0.06410945367611325,3.0943586496162654e-06
2023-12-31,2023-12-31,2024-01-31,Bull,Bull,Gaussian_NB,Bull,0.9642396279859635,0.03576037201403541,0.0
2024-01-31,2024-01-31,2024-02-29,Bull,Bull,Persistence,Bull,1.0,0.0,0.0
2024-01-31,2024-01-31,2024-02-29,Bull,Bull,Logistic_Regression,Bull,0.5449801045949515,0.03151037225484792,0.4235095231502006
2024-01-31,2024-01-31,2024-02-29,Bull,Bull,Random_Forest,Bull,0.6904092215169689,0.24574429236039727,0.06384648612263395
2024-01-31,2024-01-31,2024-02-29,Bull,Bull,Hist_Gradient_Boosting,Bull,0.9959106774321976,0.004042226588525679,4.709597927650885e-05
2024-01-31,2024-01-31,2024-02-29,Bull,Bull,Gaussian_NB,Bull,0.9967838830652301,0.0032161169347693043,3.9165226120891204e-77
2024-02-29,2024-02-29,2024-03-31,Bull,Bull,Persistence,Bull,1.0,0.0,0.0
2024-02-29,2024-02-29,2024-03-31,Bull,Bull,Logistic_Regression,Crisis,0.09144549120262753,0.0018752637465426355,0.90667924505083
2024-02-29,2024-02-29,2024-03-31,Bull,Bull,Random_Forest,Bull,0.6882142814168719,0.17702221387777703,0.13476350470535078
2024-02-29,2024-02-29,2024-03-31,Bull,Bull,Hist_Gradient_Boosting,Bull,0.9968625412608175,0.0004345376374827549,0.0027029211016997667
2024-02-29,2024-02-29,2024-03-31,Bull,Bull,Gaussian_NB,Bull,0.9992727336583932,0.0007272663416066923,0.0
2024-03-31,2024-03-31,2024-04-30,Bull,Bull,Persistence,Bull,1.0,0.0,0.0
2024-03-31,2024-03-31,2024-04-30,Bull,Bull,Logistic_Regression,Crisis,0.14997211142325778,0.00127962932136996,0.8487482592553722
2024-03-31,2024-03-31,2024-04-30,Bull,Bull,Random_Forest,Bull,0.6694711692463676,0.16283829908463163,0.1676905316690013
2024-03-31,2024-03-31,2024-04-30,Bull,Bull,Hist_Gradient_Boosting,Bull,0.9981516068968118,0.0013735581185180736,0.0004748349846700861
2024-03-31,2024-03-31,2024-04-30,Bull,Bull,Gaussian_NB,Bull,0.9994818148548125,0.000518185145188196,0.0
2024-04-30,2024-04-30,2024-05-31,Bull,Bull,Persistence,Bull,1.0,0.0,0.0
2024-04-30,2024-04-30,2024-05-31,Bull,Bull,Logistic_Regression,Bull,0.7637981205277361,0.014604539362747372,0.22159734010951654
2024-04-30,2024-04-30,2024-05-31,Bull,Bull,Random_Forest,Bull,0.7396254243274089,0.17637913705178004,0.08399543862081033
2024-04-30,2024-04-30,2024-05-31,Bull,Bull,Hist_Gradient_Boosting,Bull,0.9996392765565718,0.0003319375651676515,2.878587826035291e-05
2024-04-30,2024-04-30,2024-05-31,Bull,Bull,Gaussian_NB,Bull,0.9990026014392054,0.0009973985607951224,0.0
2024-05-31,2024-05-31,2024-06-30,Bull,Bull,Persistence,Bull,1.0,0.0,0.0
2024-05-31,2024-05-31,2024-06-30,Bull,Bull,Logistic_Regression,Bull,0.8458848002883983,0.05276594337193161,0.1013492563396702
2024-05-31,2024-05-31,2024-06-30,Bull,Bull,Random_Forest,Bull,0.6939596516153015,0.25194797755617815,0.054092370828520676
2024-05-31,2024-05-31,2024-06-30,Bull,Bull,Hist_Gradient_Boosting,Bull,0.9947743727646354,0.005211303410242286,1.4323825122302816e-05
2024-05-31,2024-05-31,2024-06-30,Bull,Bull,Gaussian_NB,Bull,0.9985493259936277,0.0014506740063740119,0.0
2024-06-30,2024-06-30,2024-07-31,Bull,Neutral,Persistence,Bull,1.0,0.0,0.0
2024-06-30,2024-06-30,2024-07-31,Bull,Neutral,Logistic_Regression,Bull,0.9141906697791736,0.08394015299961634,0.0018691772212100738
2024-06-30,2024-06-30,2024-07-31,Bull,Neutral,Random_Forest,Bull,0.6938490671123352,0.2433658315930279,0.06278510129463775
2024-06-30,2024-06-30,2024-07-31,Bull,Neutral,Hist_Gradient_Boosting,Bull,0.9964507733682089,0.003488970506770617,6.0256125020394645e-05
2024-06-30,2024-06-30,2024-07-31,Bull,Neutral,Gaussian_NB,Bull,0.9983963065347181,0.0016036934652804654,0.0
2024-07-31,2024-07-31,2024-08-31,Neutral,Neutral,Persistence,Neutral,0.0,1.0,0.0
2024-07-31,2024-07-31,2024-08-31,Neutral,Neutral,Logistic_Regression,Bull,0.7864363159970289,0.21109887234725594,0.0024648116557150945
2024-07-31,2024-07-31,2024-08-31,Neutral,Neutral,Random_Forest,Bull,0.5739593580813328,0.3793692279051825,0.0466714140134848
2024-07-31,2024-07-31,2024-08-31,Neutral,Neutral,Hist_Gradient_Boosting,Bull,0.624464070804774,0.3754283940168969,0.00010753517832904765
2024-07-31,2024-07-31,2024-08-31,Neutral,Neutral,Gaussian_NB,Bull,0.98971245560054,0.01028754439946054,0.0
2024-08-31,2024-08-31,2024-09-30,Neutral,Bull,Persistence,Neutral,0.0,1.0,0.0
2024-08-31,2024-08-31,2024-09-30,Neutral,Bull,Logistic_Regression,Bull,0.6215022500365482,0.3761000306780205,0.002397719285431215
2024-08-31,2024-08-31,2024-09-30,Neutral,Bull,Random_Forest,Bull,0.49557989477651093,0.45959232496532954,0.04482778025815965
2024-08-31,2024-08-31,2024-09-30,Neutral,Bull,Hist_Gradient_Boosting,Neutral,0.33328914905515167,0.6666191002555131,9.17506893352284e-05
2024-08-31,2024-08-31,2024-09-30,Neutral,Bull,Gaussian_NB,Bull,0.9514221429719569,0.04857785702804156,0.0
2024-09-30,2024-09-30,2024-10-31,Bull,Bull,Persistence,Bull,1.0,0.0,0.0
2024-09-30,2024-09-30,2024-10-31,Bull,Bull,Logistic_Regression,Bull,0.8960618247951493,0.07554085694109751,0.028397318263753246
2024-09-30,2024-09-30,2024-10-31,Bull,Bull,Random_Forest,Bull,0.5996063913312949,0.34384139574560535,0.0565522129231005
2024-09-30,2024-09-30,2024-10-31,Bull,Bull,Hist_Gradient_Boosting,Bull,0.5115404851793531,0.4882997906833023,0.00015972413734455755
2024-09-30,2024-09-30,2024-10-31,Bull,Bull,Gaussian_NB,Bull,0.9900069459000587,0.009993054099942857,0.0
2024-10-31,2024-10-31,2024-11-30,Bull,Bull,Persistence,Bull,1.0,0.0,0.0
2024-10-31,2024-10-31,2024-11-30,Bull,Bull,Logistic_Regression,Bull,0.9197312772576491,0.05936637404629274,0.020902348696058087
2024-10-31,2024-10-31,2024-11-30,Bull,Bull,Random_Forest,Bull,0.6300323767693178,0.33006202697499537,0.03990559625568734
2024-10-31,2024-10-31,2024-11-30,Bull,Bull,Hist_Gradient_Boosting,Bull,0.6917078637859806,0.30818931044302983,0.00010282577098951407
2024-10-31,2024-10-31,2024-11-30,Bull,Bull,Gaussian_NB,Bull,0.9928938043322891,0.00710619566771117,2.798312183131366e-77
2024-11-30,2024-11-30,2024-12-31,Bull,Bull,Persistence,Bull,1.0,0.0,0.0
2024-11-30,2024-11-30,2024-12-31,Bull,Bull,Logistic_Regression,Bull,0.8680961855319806,0.07898965048331169,0.05291416398470765
2024-11-30,2024-11-30,2024-12-31,Bull,Bull,Random_Forest,Bull,0.581925796490546,0.2532492915187971,0.16482491199065652
2024-11-30,2024-11-30,2024-12-31,Bull,Bull,Hist_Gradient_Boosting,Bull,0.8239766750045335,0.15907799934839034,0.016945325647076123
2024-11-30,2024-11-30,2024-12-31,Bull,Bull,Gaussian_NB,Bull,0.9910359588508122,0.008963827092868314,2.1405632016950587e-07
2024-12-31,2024-12-31,2025-01-31,Bull,Bull,Persistence,Bull,1.0,0.0,0.0
2024-12-31,2024-12-31,2025-01-31,Bull,Bull,Logistic_Regression,Bull,0.850196451807214,0.11169794472899358,0.03810560346379236
2024-12-31,2024-12-31,2025-01-31,Bull,Bull,Random_Forest,Bull,0.5628083025908881,0.20325381512724977,0.23393788228186244
2024-12-31,2024-12-31,2025-01-31,Bull,Bull,Hist_Gradient_Boosting,Bull,0.9317016052866927,0.06825359027015968,4.480444314765751e-05
2024-12-31,2024-12-31,2025-01-31,Bull,Bull,Gaussian_NB,Bull,0.987707855267021,0.012292144709281505,2.3696847682479315e-11
2025-01-31,2025-01-31,2025-02-28,Bull,Neutral,Persistence,Bull,1.0,0.0,0.0
2025-01-31,2025-01-31,2025-02-28,Bull,Neutral,Logistic_Regression,Bull,0.7716799969992839,0.1046820012135794,0.12363800178713673
2025-01-31,2025-01-31,2025-02-28,Bull,Neutral,Random_Forest,Bull,0.6593734848155469,0.25961198968319665,0.08101452550125669
2025-01-31,2025-01-31,2025-02-28,Bull,Neutral,Hist_Gradient_Boosting,Bull,0.9911320806848063,0.008861834684067194,6.084631126503673e-06
2025-01-31,2025-01-31,2025-02-28,Bull,Neutral,Gaussian_NB,Bull,0.987381988546869,0.01261801145106465,2.0669796995800224e-12
2025-02-28,2025-02-28,2025-03-31,Neutral,Neutral,Persistence,Neutral,0.0,1.0,0.0
2025-02-28,2025-02-28,2025-03-31,Neutral,Neutral,Logistic_Regression,Bull,0.6782751534923877,0.30195198019484004,0.019772866312772287
2025-02-28,2025-02-28,2025-03-31,Neutral,Neutral,Random_Forest,Bull,0.4976882295112142,0.47903475902103254,0.023277011467753198
2025-02-28,2025-02-28,2025-03-31,Neutral,Neutral,Hist_Gradient_Boosting,Neutral,0.02248160348688375,0.9775172599879374,1.1365251790220491e-06
2025-02-28,2025-02-28,2025-03-31,Neutral,Neutral,Gaussian_NB,Bull,0.9560760357166241,0.04392396428337593,2.7340064110664842e-135
2025-03-31,2025-03-31,2025-04-30,Neutral,Crisis,Persistence,Neutral,0.0,1.0,0.0
2025-03-31,2025-03-31,2025-04-30,Neutral,Crisis,Logistic_Regression,Bull,0.5602946396405495,0.43791360758166187,0.001791752777788663
2025-03-31,2025-03-31,2025-04-30,Neutral,Crisis,Random_Forest,Neutral,0.4805739252383333,0.500259236630473,0.019166838131193752
2025-03-31,2025-03-31,2025-04-30,Neutral,Crisis,Hist_Gradient_Boosting,Bull,0.6304542097786427,0.3695439527741799,1.8374471774878375e-06
2025-03-31,2025-03-31,2025-04-30,Neutral,Crisis,Gaussian_NB,Bull,0.8691170916757743,0.13088290832422556,0.0
2025-04-30,2025-04-30,2025-05-31,Crisis,Bull,Persistence,Crisis,0.0,0.0,1.0
2025-04-30,2025-04-30,2025-05-31,Crisis,Bull,Logistic_Regression,Crisis,0.15446235052570276,0.19897339878644607,0.6465642506878513
2025-04-30,2025-04-30,2025-05-31,Crisis,Bull,Random_Forest,Crisis,0.33330549017963595,0.30825438350859885,0.3584401263117651
2025-04-30,2025-04-30,2025-05-31,Crisis,Bull,Hist_Gradient_Boosting,Crisis,0.0003833773689855751,0.0023663887780888014,0.9972502338529255
2025-04-30,2025-04-30,2025-05-31,Crisis,Bull,Gaussian_NB,Bull,0.441282841584294,0.142537685146968,0.41617947326873755
2025-05-31,2025-05-31,2025-06-30,Bull,Bull,Persistence,Bull,1.0,0.0,0.0
2025-05-31,2025-05-31,2025-06-30,Bull,Bull,Logistic_Regression,Neutral,0.3131440841282424,0.5060522800851984,0.1808036357865592
2025-05-31,2025-05-31,2025-06-30,Bull,Bull,Random_Forest,Bull,0.46810154893576916,0.2914577665501742,0.24044068451405656
2025-05-31,2025-05-31,2025-06-30,Bull,Bull,Hist_Gradient_Boosting,Bull,0.949431007758026,0.05045306301924219,0.00011592922273163585
2025-05-31,2025-05-31,2025-06-30,Bull,Bull,Gaussian_NB,Bull,0.7350222025345753,0.26323262561351024,0.0017451718519150166
2025-06-30,2025-06-30,2025-07-31,Bull,Bull,Persistence,Bull,1.0,0.0,0.0
2025-06-30,2025-06-30,2025-07-31,Bull,Bull,Logistic_Regression,Bull,0.4504056074836868,0.3934008642188136,0.15619352829749972
2025-06-30,2025-06-30,2025-07-31,Bull,Bull,Random_Forest,Bull,0.4805603478365431,0.2604159251052107,0.2590237270582462
2025-06-30,2025-06-30,2025-07-31,Bull,Bull,Hist_Gradient_Boosting,Bull,0.8643406720221302,0.12040859436607379,0.015250733611796055
2025-06-30,2025-06-30,2025-07-31,Bull,Bull,Gaussian_NB,Bull,0.8004459339629887,0.15182073134461657,0.0477333346923952
2025-07-31,2025-07-31,2025-08-31,Bull,Bull,Persistence,Bull,1.0,0.0,0.0
2025-07-31,2025-07-31,2025-08-31,Bull,Bull,Logistic_Regression,Crisis,0.4187558894429727,0.09026511889224531,0.490978991664782
2025-07-31,2025-07-31,2025-08-31,Bull,Bull,Random_Forest,Bull,0.4354756213489362,0.2865588137572864,0.27796556489377766
2025-07-31,2025-07-31,2025-08-31,Bull,Bull,Hist_Gradient_Boosting,Neutral,0.2832294475694117,0.7162548395124013,0.0005157129181868788
2025-07-31,2025-07-31,2025-08-31,Bull,Bull,Gaussian_NB,Crisis,0.14095753249664372,0.0053142181118835865,0.8537282493914728
2025-08-31,2025-08-31,2025-09-30,Bull,Bull,Persistence,Bull,1.0,0.0,0.0
2025-08-31,2025-08-31,2025-09-30,Bull,Bull,Logistic_Regression,Crisis,0.3276800023913034,0.02543120334020343,0.6468887942684931
2025-08-31,2025-08-31,2025-09-30,Bull,Bull,Random_Forest,Bull,0.48038070772470787,0.19245776602337092,0.3271615262519208
2025-08-31,2025-08-31,2025-09-30,Bull,Bull,Hist_Gradient_Boosting,Bull,0.9926515285410895,0.0002907453854700537,0.007057726073440465
2025-08-31,2025-08-31,2025-09-30,Bull,Bull,Gaussian_NB,Crisis,0.2145605340557927,0.0038546415629410044,0.7815848243812655
2025-09-30,2025-09-30,2025-10-31,Bull,Bull,Persistence,Bull,1.0,0.0,0.0
2025-09-30,2025-09-30,2025-10-31,Bull,Bull,Logistic_Regression,Bull,0.7264086905478537,0.08208449060868117,0.19150681884346504
2025-09-30,2025-09-30,2025-10-31,Bull,Bull,Random_Forest,Bull,0.4669330736015686,0.2529626760464866,0.2801042503519448
2025-09-30,2025-09-30,2025-10-31,Bull,Bull,Hist_Gradient_Boosting,Bull,0.8355230253430138,0.1519714871542534,0.01250548750273283
2025-09-30,2025-09-30,2025-10-31,Bull,Bull,Gaussian_NB,Crisis,0.059840409334489995,0.0028122044385453728,0.9373473862269642
2025-10-31,2025-10-31,2025-11-30,Bull,Bull,Persistence,Bull,1.0,0.0,0.0
2025-10-31,2025-10-31,2025-11-30,Bull,Bull,Logistic_Regression,Bull,0.4713384413124542,0.14058513035571432,0.38807642833183137
2025-10-31,2025-10-31,2025-11-30,Bull,Bull,Random_Forest,Bull,0.4082496687958826,0.25074290489363815,0.34100742631048
2025-10-31,2025-10-31,2025-11-30,Bull,Bull,Hist_Gradient_Boosting,Bull,0.7556277975844092,0.2413134511583831,0.003058751257207797
2025-10-31,2025-10-31,2025-11-30,Bull,Bull,Gaussian_NB,Bull,0.8953427100786266,0.1041372797793544,0.0005200101420205922
2025-12-31,2025-12-31,2026-01-31,Bull,Bull,Persistence,Bull,1.0,0.0,0.0
2025-12-31,2025-12-31,2026-01-31,Bull,Bull,Logistic_Regression,Bull,0.487780814129251,0.13021354673664481,0.3820056391341042
2025-12-31,2025-12-31,2026-01-31,Bull,Bull,Random_Forest,Bull,0.49164229699253637,0.2673513542891966,0.24100634871826693
2025-12-31,2025-12-31,2026-01-31,Bull,Bull,Hist_Gradient_Boosting,Bull,0.9733373279357065,0.026562603169366542,0.00010006889492692414
2025-12-31,2025-12-31,2026-01-31,Bull,Bull,Gaussian_NB,Bull,0.9012250595721868,0.09359450432266976,0.005180436105143489
2026-01-31,2026-01-31,2026-02-28,Bull,Bull,Persistence,Bull,1.0,0.0,0.0
2026-01-31,2026-01-31,2026-02-28,Bull,Bull,Logistic_Regression,Bull,0.6761173317734085,0.16138704801466558,0.162495620211926
2026-01-31,2026-01-31,2026-02-28,Bull,Bull,Random_Forest,Bull,0.5346639919693882,0.2792719652437339,0.18606404278687774
2026-01-31,2026-01-31,2026-02-28,Bull,Bull,Hist_Gradient_Boosting,Bull,0.9817436870800794,0.018243438195272865,1.2874724647783303e-05
2026-01-31,2026-01-31,2026-02-28,Bull,Bull,Gaussian_NB,Bull,0.8815202934961219,0.06700715208823203,0.05147255441564586
