decision_date,decision_month,holding_month,current_regime,prediction_current_regime,regime_match,actual_next_regime,hmm_seed,hmm_score,current_raw_state,Bull_count,Neutral_count,Crisis_count,raw_state_mean_return,raw_state_mean_vol,p_Bull,p_Neutral,p_Crisis,equal_weight_return,static_mv_return,reactive_hmm_return,macro_forward_return,equal_weight_turnover,static_mv_turnover,reactive_hmm_turnover,macro_forward_turnover,reactive_fallback,macro_fallback,macro_used_probability,weight_equal_EFA,weight_equal_GLD,weight_equal_SPY,weight_equal_TLT,weight_equal_VNQ,weight_static_EFA,weight_static_GLD,weight_static_SPY,weight_static_TLT,weight_static_VNQ,weight_reactive_EFA,weight_reactive_GLD,weight_reactive_SPY,weight_reactive_TLT,weight_reactive_VNQ,weight_macro_EFA,weight_macro_GLD,weight_macro_SPY,weight_macro_TLT,weight_macro_VNQ
2018-01-31,2018-01-31,2018-02-28,Bull,Bull,True,Crisis,42,-3403.4587701467444,0,1045,673,296,0.0006623421762615065,0.005252352915355432,0.36,0.52,0.12,-0.04253202477953764,-0.03366788171514145,-0.035604849111123625,-0.033582337551647766,,,,,False,False,1.0,0.2,0.2,0.2,0.2,0.2,2.770901028000247e-16,0.0,0.5471828938951552,0.45281710610484455,0.0,0.0,4.649609344063582e-17,0.872931286519617,0.127068713480383,0.0,0.0,0.0,0.5327965527444085,0.46720344725559126,1.560601837407434e-16
2018-02-28,2018-02-28,2018-03-31,Crisis,Crisis,True,Crisis,42,-3424.825367868662,1,1046,673,314,-0.0001413616067366896,0.016380386420590438,0.2857142857142857,0.2857142857142857,0.4285714285714285,0.00760360740254793,-0.00197654382064826,0.01716135580032692,0.00526710585983957,0.0,0.002600821290735275,1.381534348156556,0.24909863563870205,False,False,0.9999999999999999,0.2,0.2,0.2,0.2,0.2,0.0,8.657398573776061e-17,0.5458824832497878,0.4541175167502121,0.0,0.0,0.10233947676995869,0.18216411244133898,0.6139647811759456,0.10153162961275689,2.621181335364065e-16,0.020869028434122215,0.40824723492505766,0.5708837366408198,0.0
2018-03-29,2018-03-31,2018-04-30,Crisis,Crisis,True,Bull,42,-3470.642971249326,2,1055,671,328,-0.0002535766703024352,0.016248516577048653,0.25,0.25,0.5,-0.0003651387114400607,-0.006876906149080395,-0.012256451547479596,-0.010820945292490128,0.0,0.01654173266370746,0.1705751885240463,0.09736076290916797,False,False,1.0,0.2,0.2,0.2,0.2,0.2,0.0,8.143590329597929e-18,0.5376116169179342,0.4623883830820658,9.5538542649746e-17,0.0,0.09921003072136168,0.10000596422791282,0.6325593135649902,0.16822469148573538,2.5213237493917627e-17,0.03911897884402272,0.3595668534704739,0.5927111322813703,0.008603035404133005
2018-04-30,2018-04-30,2018-05-31,Bull,Bull,True,Neutral,42,-3519.552252685267,1,675,1055,345,0.0006580593134873656,0.009189260295474063,0.3461538461538461,0.5,0.1538461538461538,0.010050035233738708,0.02234679079770828,0.024224206588467845,0.02239343007196825,0.0,0.004579817771332758,0.6142453777180179,0.38254039739045537,False,False,0.9999999999999998,0.2,0.2,0.2,0.2,0.2,0.0,1.3079732761991289e-16,0.5399015258036004,0.46009847419639943,0.0,1.020999033520816e-17,0.0,0.40712865308692164,0.44701823651019457,0.14585311040288368,0.0,2.0024201614864252e-16,0.5508370521657017,0.4491629478342982,0.0
2018-05-31,2018-05-31,2018-06-30,Neutral,Neutral,True,Neutral,42,-3566.360581035945,1,683,1069,345,0.0006436257841238381,0.005285158413746212,0.3783783783783784,0.5945945945945946,0.027027027027027,0.00044792012211074587,0.006076435982776729,0.005841949394856468,0.005986242229273539,0.0,0.001265697989436891,0.9274459815483878,0.23194574813132837,False,False,1.0,0.2,0.2,0.2,0.2,0.2,3.1716119753290224e-18,2.6244287091398454e-17,0.5392686768088821,0.4607313231911179,1.8411274773137644e-17,7.375864626100455e-16,8.518577987087267e-18,0.8708516438611148,0.12914835613888387,5.30291171691667e-16,0.0,0.0,0.6668099262313658,0.3331900737686342,0.0
2018-06-29,2018-06-30,2018-07-31,Neutral,Neutral,True,Bull,42,-3700.9935458004898,1,599,903,616,0.0004821393563277233,0.007263184929616768,0.3684210526315789,0.6052631578947368,0.0263157894736842,0.0069590063586432395,0.0133337449142744,0.020885491252179852,0.02426336549759811,0.0,0.0009411781590154623,0.46524562467189995,0.16912831097303194,False,False,0.9999999999999999,0.2,0.2,0.2,0.2,0.2,3.6270671639312656e-16,0.0,0.5387980877293743,0.46120191227062507,1.4021814709242188e-16,2.8193038736663274e-17,0.0,0.6382288315251655,0.24209729152492196,0.11967387694991242,2.901936780618146e-16,0.0,0.7513740817178814,0.2486259182821182,0.0
2018-07-31,2018-07-31,2018-08-31,Bull,Bull,True,Bull,42,-3740.3905008304787,0,613,911,615,0.0008180834900233147,0.0044469701657933345,0.3333333333333333,0.5185185185185185,0.1481481481481481,0.00541051602913143,0.023340300379331307,0.02658777071158169,0.025204250801981732,0.0,0.00964340597590461,0.5236696682134637,0.21720905933157747,False,False,1.0,0.2,0.2,0.2,0.2,0.2,2.4580283236892233e-16,0.0,0.5436197907173267,0.4563802092826731,0.0,7.594315202600097e-16,0.0647912093873966,0.8352724562445001,0.09993633436809976,2.811453040344581e-15,0.0,0.0,0.6427695520520931,0.357230447947907,0.0
2018-08-31,2018-08-31,2018-09-30,Bull,Bull,True,Bull,42,-3755.7400360400384,0,635,912,615,0.0008388889422206015,0.0044539900146663034,0.3571428571428571,0.5,0.1428571428571428,-0.009259187661379897,-0.009820842793559482,0.0014340903342336465,-0.006335787326427734,0.0,0.0010994446577996103,0.04153985379942265,0.004312660875468007,False,False,0.9999999999999999,0.2,0.2,0.2,0.2,0.2,0.0,3.7763253319488107e-16,0.5441695130462261,0.4558304869537735,0.0,5.170577984571691e-15,0.04402128248768531,0.8415158107561749,0.11446290675612439,1.0341041738895866e-14,5.3098201495596436e-15,2.8554514254669215e-16,0.6449258824898191,0.3550741175101729,2.3504771039493008e-15
2018-09-28,2018-09-30,2018-10-31,Bull,Bull,True,Crisis,42,-3766.1056277424623,0,650,914,617,0.0008038425074183286,0.004431254370375157,0.3793103448275862,0.4827586206896552,0.1379310344827586,-0.03756028773700715,-0.05115560488646535,-0.06119930550491461,-0.05550133370755204,0.0,0.009676974002310034,0.03570643415129658,0.026548776317837156,False,False,0.9999999999999999,0.2,0.2,0.2,0.2,0.2,1.0493898196126488e-16,0.0,0.549008000047381,0.45099199995261896,6.152326695528236e-17,2.6598584942295184e-15,0.04496470670655735,0.8584256036129511,0.09660968968048242,6.465424355143098e-15,1.4118110638062213e-15,1.0571823197109055e-16,0.6582002706487377,0.34179972935125963,1.1439345398941392e-15
2018-10-31,2018-10-31,2018-11-30,Crisis,Crisis,True,Crisis,42,-3807.5420326341014,2,657,910,637,0.00020517058070129783,0.013559499660172525,0.3333333333333333,0.2222222222222222,0.4444444444444444,0.018300557082026273,0.01824201691974884,0.022318163172093064,0.017511162672455994,0.0,0.0058292587080729305,1.5063116704152872,0.37672616802721043,False,False,1.0,0.2,0.2,0.2,0.2,0.2,5.597037826293868e-17,0.0,0.5460933706933445,0.4539066293066551,2.832052865057201e-16,0.0,0.1409285779600208,0.10526976840531009,0.5314782772798773,0.2223233763547917,0.0,0.04689083422539045,0.469837186635135,0.4832719791394745,0.0
2018-11-30,2018-11-30,2018-12-31,Crisis,Crisis,True,Crisis,42,-3773.9647369003364,2,1149,704,372,-0.0002053537469387144,0.01595230128539283,0.3,0.2,0.5,-0.022622050733865695,-0.02107138618340317,0.02065021878125656,0.003567131920698048,0.0,0.006030954150836795,0.20982849811766963,0.31612499564173185,False,False,1.0,0.2,0.2,0.2,0.2,0.2,0.0,7.90548269506296e-17,0.5430778936179265,0.4569221063820734,0.0,0.0,0.10345928645355047,0.037824810852945645,0.6312899354156846,0.22742596727781927,2.1694794559141654e-16,0.03333625685456919,0.3253292661850904,0.5908040427073381,0.05053043425300213
2018-12-31,2018-12-31,2019-01-31,Crisis,Crisis,True,Crisis,42,-3869.5954441908993,2,657,914,673,5.382453646657849e-05,0.013619951130036735,0.2727272727272727,0.1818181818181818,0.5454545454545454,0.059522551812637395,0.04365578638198563,0.04031590016197639,0.03649477298114928,0.0,0.040793046749975026,0.19285027516983366,0.21900220734121614,False,False,0.9999999999999999,0.2,0.2,0.2,0.2,0.2,6.946628706131413e-17,3.354335607841378e-17,0.522681370242939,0.4773186297570609,0.0,1.517050281075579e-16,0.16619537381926913,0.031413297296287536,0.5412763113874259,0.2611150174970174,0.0,0.095569261389996,0.37259736532027166,0.5153602659008737,0.01647310738885868
2019-01-31,2019-01-31,2019-02-28,Crisis,Crisis,True,Neutral,42,-3812.1381497001325,2,1149,706,410,-0.0001733244705095935,0.015969899689686214,0.25,0.1666666666666666,0.5833333333333334,0.008976026512074298,0.010553476419323079,-0.00733848113161299,-0.001043334918655192,0.0,0.007799522926736999,0.12613192553063518,0.37282724136568035,False,False,1.0,0.2,0.2,0.2,0.2,0.2,4.6781136480825666e-17,1.5262593555219163e-16,0.5265811317063074,0.4734188682936924,0.0,0.0,0.13580488941165306,1.137173759092635e-16,0.6043422741527434,0.25985283643560336,0.0,0.07981012798480341,0.20194287804262406,0.5839368484260461,0.13431014554652648
2019-02-28,2019-02-28,2019-03-31,Neutral,Neutral,True,Neutral,42,-3931.4981670647385,1,657,933,694,0.0005167383603216063,0.007243429597550843,0.3846153846153846,0.5897435897435898,0.0256410256410256,0.02183864047996491,0.03573584449331482,0.02747835474299845,0.026258247962884732,0.0,0.009188530495955905,1.4888257730331005,1.1623795834976125,False,False,0.9999999999999999,0.2,0.2,0.2,0.2,0.2,2.6804094251790646e-17,7.318365622823627e-17,0.5311753969542854,0.4688246030457146,0.0,1.0170571500340943e-15,0.0,0.7444128865165494,0.23814456719736626,0.01744254628608334,7.992384100412484e-16,3.327138039774779e-16,0.7831326697914295,0.21686733020856896,3.9067959694086584e-16
2019-03-29,2019-03-31,2019-04-30,Neutral,Neutral,True,Bull,42,-3970.2394562936333,1,678,933,694,0.0005048427258191642,0.007253819796624303,0.375,0.6,0.025,0.008397042908894158,0.011980409377717723,0.023123255212533785,0.0262377957491397,0.0,0.012661251216609118,0.10988679906780155,0.04730037636371728,False,False,1.0,0.2,0.2,0.2,0.2,0.2,4.669072897028755e-16,0.0,0.5248447713459808,0.47515522865401866,0.0,0.0,3.4233571019796636e-16,0.6894694869826496,0.24825156661195058,0.0622789464053995,0.0,0.0,0.7594824816095723,0.24051751839042756,0.0
2019-04-30,2019-04-30,2019-05-31,Bull,Bull,True,Neutral,42,-3996.5322235111507,0,683,945,698,0.0008281751034273009,0.0044483432526583894,0.3666666666666666,0.4666666666666667,0.1666666666666666,-0.005350151976951789,-0.001757421110364872,-0.04827873344862985,-0.014753583341372199,0.0,0.011872436360909244,0.44574538264033203,0.2607358155890602,False,False,0.9999999999999999,0.2,0.2,0.2,0.2,0.2,2.7624371617145573e-16,1.5370816333524676e-16,0.5307809895264354,0.4692190104735643,0.0,9.357997875706999e-16,0.048033947756228955,0.864308230546586,0.0876578216971818,2.1942517090547484e-15,0.0,0.0,0.6291145738150423,0.3708854261849578,0.0
2019-05-31,2019-05-31,2019-06-30,Neutral,Neutral,True,Neutral,42,-4052.194263684509,1,691,967,690,0.00042140893512362,0.007281521910659403,0.3902439024390244,0.5853658536585366,0.024390243902439,0.04675529550486051,0.0405186132482993,0.04818320631700157,0.0534456197495783,0.0,0.02911739396610852,0.5518916914511595,0.2045041397027575,False,False,1.0,0.2,0.2,0.2,0.2,0.2,1.0763793433261365e-16,0.0,0.5162222925433815,0.4837777074566185,6.864785827576353e-17,4.838032379121346e-16,5.300131394775796e-16,0.6363963325772353,0.2901301546082684,0.07347351281449536,9.225528252132522e-16,9.01426576606506e-16,0.7313666436664186,0.26863335633357904,6.719989461487851e-16
2019-06-28,2019-06-30,2019-07-31,Neutral,Neutral,True,Bull,42,-4100.972966999372,1,697,974,697,0.00048125598982520003,0.007301666626628204,0.3809523809523809,0.5952380952380952,0.0238095238095238,0.003066746995883163,0.009093614094629261,0.01142859136219791,0.011753356411450781,0.0,0.007614129349435181,0.1469470256289921,0.0010339339125743244,False,False,0.9999999999999999,0.2,0.2,0.2,0.2,0.2,0.0,5.5291176554810497e-17,0.5200293572180988,0.47997064278190094,1.3605545652208712e-16,0.0,2.581799300158341e-16,0.7060153689489788,0.2939846310510209,0.0,3.6477188090979004e-16,9.321293010530247e-16,0.7318836106227057,0.2681163893772927,3.8427504467050223e-16
2019-07-31,2019-07-31,2019-08-31,Bull,Bull,True,Crisis,42,-4037.193354508299,1,1216,767,407,0.0006721027285114076,0.005246967189387342,0.3548387096774194,0.4838709677419355,0.1612903225806451,0.038218688293392214,0.044175558035352475,-0.002840659092613579,0.04775471156822991,0.0,0.0023565296260033273,0.36943691708758997,0.4826233103274988,False,False,1.0,0.2,0.2,0.2,0.2,0.2,1.5506049464529016e-16,0.0,0.5212076220311004,0.4787923779688994,1.7411373255325566e-16,0.0,4.4050251026679246e-17,0.8907338274927737,0.10926617250722616,0.0,0.0,2.4116894076124586e-17,0.49057195545895754,0.5050634720912535,0.00436457244978901
2019-08-30,2019-08-31,2019-09-30,Crisis,Crisis,True,Neutral,42,-4086.2924273251256,2,1220,772,420,-0.00027571256642602415,0.015942947345117118,0.2307692307692307,0.2307692307692307,0.5384615384615384,0.001924406888567165,-0.0033727072583484507,-0.01584044139897252,-0.011717525153700909,0.0,0.029534588870859437,1.6824553513853584,0.4987067362772586,False,False,0.9999999999999998,0.2,0.2,0.2,0.2,0.2,3.838829940891438e-16,0.0,0.5064403275956708,0.49355967240432896,1.0233483798765335e-16,0.0,0.1188586490940317,0.049506151800094586,0.6250334593117356,0.20660173979413815,3.2814404958544773e-17,0.06743552197915274,0.24121858732032825,0.5957201626420882,0.09562572805843088
2019-09-30,2019-09-30,2019-10-31,Neutral,Neutral,True,Bull,42,-4131.398417650091,0,773,1226,433,0.0006530776304046471,0.005252761690879045,0.3953488372093023,0.5813953488372093,0.0232558139534883,0.01635170770171093,0.005907265897587017,0.01770212656109114,0.010075381963329211,0.0,0.012457853205113114,1.6360695193876669,0.7937133269194944,False,False,0.9999999999999999,0.2,0.2,0.2,0.2,0.2,1.3908154888127772e-16,5.749337418037492e-19,0.5126692541982272,0.48733074580177255,1.9037353316663342e-16,1.023704138392345e-15,3.60924489131327e-17,0.867540911493927,0.13245908850607133,6.097391953608822e-16,0.0,0.0,0.6380752507800754,0.36192474921992457,0.0
2019-10-31,2019-10-31,2019-11-30,Bull,Bull,True,Neutral,42,-4183.546606964154,0,799,1223,433,0.0007070815411575825,0.009073553317035566,0.34375,0.46875,0.1875,-0.0003458241226565354,0.016699328492951283,0.0098619547358556,0.016405517193311053,0.0,0.0062166683037725035,0.9734326239064013,0.25918769097838273,False,False,1.0,0.2,0.2,0.2,0.2,0.2,0.0,2.03452189121951e-17,0.5157775883501134,0.48422241164988666,0.0,0.0,0.0,0.3808245995407274,0.46283315289754884,0.15634224756172366,2.9366631282592224e-16,1.1771397319096415e-16,0.5084814052908841,0.4915185947091155,3.4820582444813705e-17
2019-11-29,2019-11-30,2019-12-31,Neutral,Neutral,True,Neutral,42,-4216.074668938685,2,797,1245,433,0.0006506889477064287,0.00522743245105708,0.4090909090909091,0.5681818181818182,0.0227272727272727,0.014256565581510406,-0.00026005228952788277,0.02048554307273347,0.0072106112835223345,0.0,0.007771673900021515,0.9575165676579698,0.26717975813384903,False,False,1.0,0.2,0.2,0.2,0.2,0.2,4.0229324750235444e-16,0.0,0.5196634253001238,0.4803365746998759,0.0,0.0,3.3719279707738172e-16,0.859582883369712,0.14041711663028766,0.0,2.124477497107965e-17,3.092701736676983e-16,0.6420712843578085,0.3579287156421913,0.0
2019-12-31,2019-12-31,2020-01-31,Neutral,Neutral,True,Bull,42,-4238.274912690349,1,798,1265,433,0.0006602665007556044,0.005216493852444095,0.4,0.5777777777777777,0.0222222222222222,0.021112902598120088,0.03620686972448174,0.00938284113075,0.026450146870652863,0.0,0.013628379616045834,0.02767453216595114,0.021199967305719138,False,False,1.0,0.2,0.2,0.2,0.2,0.2,1.2215993381579993e-16,0.0,0.5264776151081466,0.4735223848918532,3.610179831435773e-17,5.238963052292738e-16,5.893619940841323e-16,0.873420149452686,0.1265798505473121,8.297842894065012e-16,4.692338596855679e-16,0.0,0.6526712680106675,0.347328731989332,0.0
2020-01-31,2020-01-31,2020-02-29,Bull,Bull,True,Crisis,42,-4272.969540830274,1,799,1285,433,0.0006880476659560202,0.009075354393078855,0.3333333333333333,0.4848484848484848,0.1818181818181818,-0.03343609192831454,-0.009114654389886508,-0.010518536234096537,-0.008272986048577992,0.0,0.01631880881619029,1.001232955371985,0.2802809846057347,False,False,0.9999999999999999,0.2,0.2,0.2,0.2,0.2,7.908199040015565e-17,0.0,0.5183182107000515,0.4816817892999482,1.512143900669354e-16,1.149141785780476e-16,0.0,0.37280367176669454,0.46191245588988633,0.1652838723434191,2.901430060191328e-16,1.3693705407383532e-16,0.5125307757078004,0.48746922429219913,9.823537876405256e-17
2020-02-28,2020-02-29,2020-03-31,Crisis,Crisis,True,Crisis,42,-4298.220893165805,2,813,1285,438,-0.0005467054583262718,0.015807366730537842,0.2142857142857142,0.2857142857142857,0.5,-0.07966259986055998,-0.031160900745023343,0.003578555982910239,-0.004642180429819952,0.0,0.030178460152432876,0.7456073435333891,0.48603147974433636,False,False,0.9999999999999999,0.2,0.2,0.2,0.2,0.2,7.288009236779067e-16,0.0,0.503228980623835,0.49677101937616397,1.2401894072125502e-16,0.0,0.11494384270692112,6.281739660070838e-18,0.6809172241582316,0.2041389331348472,1.3653937842860003e-16,0.0579498302850747,0.26951503583563235,0.6191965562203067,0.053338577658986204
2020-03-31,2020-03-31,2020-04-30,Crisis,Crisis,True,Crisis,42,-3805.753552968804,2,826,1285,447,-0.0007640536365589348,0.01725206448425263,0.2,0.2666666666666666,0.5333333333333333,0.07191566567849567,0.06562762856092742,0.025742142496164133,0.04370511957114018,0.0,0.07542957534703663,0.23880831833420307,0.16993468089888983,False,False,1.0,0.2,0.2,0.2,0.2,0.2,0.0,5.216844044096764e-17,0.4655141929503176,0.5344858070496823,2.931336359567662e-17,1.1239285482865583e-16,0.11220460010245888,0.0,0.8003213833253331,0.08747401657220796,1.9406363488075283e-16,0.044957807321027166,0.2508782960092212,0.7041638966697515,5.795509364179587e-18
2020-04-30,2020-04-30,2020-05-31,Crisis,Crisis,True,Crisis,42,-3581.987695437231,2,901,1291,387,-0.001000533282390495,0.019544928292769437,0.1875,0.25,0.5625,0.025503925238489523,0.012961556904063136,-0.014811567954097882,-0.0033492354828559,0.0,0.006106790088013682,0.2387407089300253,0.15437272081737657,False,False,1.0,0.2,0.2,0.2,0.2,0.2,4.330879014987536e-17,1.4756307549395015e-16,0.4685675879943243,0.5314324120056755,0.0,8.465829358534645e-17,0.0,0.0,0.9196917377903457,0.08030826220965423,0.0,6.168180368221908e-17,0.21864974292156011,0.7813502570784397,6.936558370544269e-19
2020-05-29,2020-05-31,2020-06-30,Crisis,Crisis,True,Crisis,42,-3628.730094882864,1,904,1291,404,-0.0007830327042510437,0.019493644638726503,0.1764705882352941,0.2352941176470588,0.5882352941176471,0.021567764907027033,0.010160456222053844,0.006365723075552876,0.007337000624879603,0.0,0.00861698086351177,0.13709699156104105,0.0812118398392659,False,False,1.0,0.2,0.2,0.2,0.2,0.2,0.0,5.278063814929769e-17,0.47287607842608015,0.5271239215739197,4.0423581056545503e-17,0.0,0.04018202440999087,0.028366471370529545,0.8535251032494151,0.07792640097006431,5.769254182425547e-17,0.025506060310201015,0.23374960253099208,0.7407443371588068,0.0
2020-06-30,2020-06-30,2020-07-31,Crisis,Crisis,True,Bull,42,-3679.7961204172416,1,904,1291,426,-0.00070132912581238,0.01931360330846923,0.1666666666666666,0.2222222222222222,0.6111111111111112,0.053390640493866215,0.05120493131666654,0.0492539435751466,0.05110501471798327,0.0,0.0031222960600799025,0.10320036683989936,0.0558496205372455,False,False,1.0,0.2,0.2,0.2,0.2,0.2,2.1317638443498194e-17,1.108593217723771e-17,0.4713149303960403,0.5286850696039597,0.0,8.490458122598876e-17,0.08167536200631997,0.02817185030526829,0.8021195408947268,0.08803324679368493,1.1781802243507825e-16,0.05343087057882373,0.23090328982836836,0.7156658395928078,0.0
2020-07-31,2020-07-31,2020-08-31,Bull,Bull,True,Neutral,42,-3736.3363931286176,0,917,1291,435,0.0008074353217591136,0.009428108190827067,0.3235294117647059,0.4705882352941176,0.2058823529411764,0.013547831824374357,0.006167831617387623,0.004451106856632484,0.0030426730183439957,0.0,0.03848489715150642,0.8015284767998835,0.4106614842729732,False,False,0.9999999999999999,0.2,0.2,0.2,0.2,0.2,3.5467639161484467e-17,0.01924244857575292,0.46335871965252995,0.5173988317717167,2.46498585539644e-16,0.0,0.0901190336490864,0.34796911654540413,0.4013553024947851,0.16055654731072444,0.0,0.022141726631300113,0.436234031964855,0.541624241403845,0.0
2020-08-31,2020-08-31,2020-09-30,Neutral,Neutral,True,Crisis,42,-3769.3602338602113,1,919,1310,435,0.0006964668716132134,0.005237137775670582,0.4130434782608695,0.5652173913043478,0.0217391304347826,-0.023706870208013056,-0.014503330284575398,-0.0311233349461452,-0.021201245394788303,0.0,0.022707044857218143,1.0242633996939177,0.3841830304540824,False,False,0.9999999999999999,0.2,0.2,0.2,0.2,0.2,7.934131740801562e-18,0.015997961859045704,0.47471224208113905,0.5092897960598152,2.30090583845675e-17,5.161312611494075e-17,2.1274226599018562e-16,0.8601008163923629,0.139899183607636,9.521745468447617e-16,0.0,0.01110348611399547,0.6283255471918961,0.3605709666941084,0.0
2020-09-30,2020-09-30,2020-10-31,Crisis,Crisis,True,Crisis,42,-3835.9960326730024,2,906,1312,467,-0.0005997868947067225,0.018832862861686915,0.2105263157894736,0.2105263157894736,0.5789473684210527,-0.025900438194953003,-0.02944196133133134,-0.032364514918019886,-0.030709177449870756,0.0,0.02144026343937324,1.4224558253155783,0.7302821542362568,False,False,0.9999999999999998,0.2,0.2,0.2,0.2,0.2,8.631206878561237e-17,0.0065615506004242236,0.4734285216200739,0.5200099277795017,3.13413769655713e-17,2.0849407927662645e-18,0.005588966302602638,0.14887290373457468,0.8455381299628226,6.442821372303512e-19,8.488998763836337e-17,0.027774659575407496,0.2631844700737677,0.7090408703508246,0.0
2020-10-30,2020-10-31,2020-11-30,Crisis,Crisis,True,Bull,42,-3902.195216367766,2,921,1324,462,-0.0008298988322524269,0.018925820658387913,0.2,0.2,0.6,0.06215469264192501,0.059641506881715746,0.021961375583177865,0.034099202439861254,0.0,0.004198220994794364,0.3089237400743546,0.10072982590103742,False,False,1.0,0.2,0.2,0.2,0.2,0.2,3.174246541731888e-17,0.00866066109782143,0.47336341428490175,0.5179759246172768,5.163660826711868e-17,0.0,6.452591600500794e-18,1.3826773423354716e-17,0.9335687885701031,0.06643121142989683,1.733296395976101e-17,0.030385303699838245,0.21281955712324918,0.7567951391769127,3.533691249645605e-17
2020-11-30,2020-11-30,2020-12-31,Bull,Bull,True,Neutral,42,-3966.7691588430534,1,924,1324,479,0.0008172280976245442,0.009491385392348218,0.3142857142857143,0.4857142857142857,0.2,0.034481100996120805,0.011525210665402531,0.019606855355128686,0.010979854629417817,0.0,0.018364600071727404,1.0599519891963272,0.517339408780187,False,False,1.0,0.2,0.2,0.2,0.2,0.2,2.03469280800907e-17,0.0,0.48254571432076543,0.5174542856792346,1.3418536234216544e-17,0.0,0.10385351749949864,0.3925268013375648,0.40359279397193965,0.100026887190997,4.6644034354700913e-17,0.0,0.4714892615133426,0.5285107384866573,3.0062162750177616e-17
2020-12-31,2020-12-31,2021-01-31,Neutral,Neutral,True,Bull,42,-3999.105687108191,0,939,1326,484,0.0007170234153289869,0.005248774052821382,0.4042553191489361,0.5531914893617021,0.0425531914893617,-0.01724321301670557,-0.02365366253469215,-0.01426979072403451,-0.020528716501321556,0.0,0.013811543489954578,0.902807651516653,0.2907283982235909,False,False,0.9999999999999999,0.2,0.2,0.2,0.2,0.2,5.3973443976118536e-17,0.005383127127843481,0.4840683589378992,0.5105485139342573,7.581922564669834e-18,0.0,0.0,0.8439306270958913,0.15606937290410877,0.0,1.5289485067273418e-17,0.014682027182352116,0.6021714334427859,0.3831465393748619,0.0
2021-01-29,2021-01-31,2021-02-28,Bull,Bull,True,Bull,42,-4038.606568389239,1,938,1351,479,0.0007881659807443797,0.009478075551212946,0.3055555555555556,0.5,0.1944444444444444,-0.00709250191267545,-0.015713511898706192,-0.015680238988342577,-0.01628149995100862,0.0,0.009622905765990298,0.9417887221062137,0.26940070138356326,False,False,1.0,0.2,0.2,0.2,0.2,0.2,2.1171535038099516e-16,0.0008947989894849445,0.4888798118208942,0.5102253891896207,2.503124354572952e-17,0.0,0.12184329094606176,0.37303626604278445,0.39014836136657716,0.11497208164457662,2.861376105127905e-16,0.0,0.4821531099333564,0.5178468900666433,0.0
2021-02-26,2021-02-28,2021-03-31,Bull,Bull,True,Bull,42,-4069.0578141354226,1,953,1355,479,0.0007878566645230671,0.00950462171062996,0.3243243243243243,0.4864864864864865,0.1891891891891892,0.011633018437414933,-0.0036524550599589325,0.0035760726847095755,-0.0043755933680680575,0.0,0.019671423758179967,0.0757592368719375,0.018344614179733293,False,False,1.0,0.2,0.2,0.2,0.2,0.2,8.763353920122761e-18,5.4443924101101207e-17,0.4987155236999842,0.5012844763000158,0.0,1.4899618917243553e-16,0.10633443412614169,0.36559916995666175,0.37521469583665124,0.15285170008054527,0.0,4.0451127371744846e-17,0.49132541702322297,0.5086745829767769,3.571902190127809e-17
2021-03-31,2021-03-31,2021-04-30,Bull,Bull,True,Neutral,42,-4115.581710078322,1,955,1376,479,0.000861721887764219,0.009588782497820341,0.3421052631578947,0.4736842105263157,0.1842105263157894,0.04432335046766616,0.03915736590105088,0.046057856107076564,0.03893801361064095,0.0,0.01879478837026397,0.07600274398846923,0.017884448071062386,False,False,0.9999999999999998,0.2,0.2,0.2,0.2,0.2,0.0,2.1695078460566902e-17,0.508112917885116,0.49188708211488386,1.0159215792108229e-16,0.0,0.1145311124954627,0.37094739062652005,0.33721332384241676,0.17730817303560056,1.0095933341465656e-16,0.0,0.5002676410587539,0.49973235894124574,1.8274857331261276e-16
2021-04-30,2021-04-30,2021-05-31,Neutral,Neutral,True,Bull,42,-4156.5017788609475,0,957,1395,479,0.0007095607906198392,0.005336440305940976,0.4166666666666667,0.5416666666666666,0.0416666666666666,0.02525381349159943,0.0033510106249118915,0.005492071981440024,0.004961109708819444,0.0,0.0011322895577372753,0.9298303673526641,0.28156805429809245,False,False,0.9999999999999999,0.2,0.2,0.2,0.2,0.2,1.754724918713186e-16,0.0,0.5086790626639844,0.4913209373360153,0.0,0.0,0.0,0.8358625743028522,0.16413742569714784,1.0391103246149444e-16,6.544029909330814e-16,0.010593694904552262,0.630457973303247,0.35894833179219965,5.768705469416218e-16
2021-05-28,2021-05-31,2021-06-30,Bull,Bull,True,Neutral,42,-4189.562530922331,1,970,1402,479,0.0008915032963308218,0.009578352078535128,0.3333333333333333,0.4871794871794871,0.1794871794871795,0.0021473784175844324,0.031950084913276104,0.01858140603403875,0.03187854616053985,0.0,0.02176265904764317,0.9417885516939534,0.2622439452269017,False,False,1.0,0.2,0.2,0.2,0.2,0.2,2.0268878401775006e-16,0.010881329523821606,0.504607560606867,0.48451110986931123,0.0,4.3751634013784395e-16,0.12548247460419254,0.3649682984558754,0.33261545509328233,0.17693377184664924,6.713985249174374e-17,0.012491675614187674,0.49933600068979717,0.488172323696015,1.0211309438526363e-16
2021-06-30,2021-06-30,2021-07-31,Neutral,Neutral,True,Neutral,42,-4216.826048098436,0,978,1416,479,0.0007091769273538641,0.005339910158162618,0.4285714285714285,0.5306122448979592,0.0408163265306122,0.027763661846599817,0.03070845027986579,0.026551451529255053,0.029084943939698096,0.0,0.021762659047643504,0.9346443964718922,0.25107621454533785,False,False,0.9999999999999999,0.2,0.2,0.2,0.2,0.2,6.551276858918504e-17,0.0,0.5063597991454235,0.49364020085457644,0.0,6.631966806492733e-16,7.751162887506289e-17,0.8322904966918213,0.1677095033081775,4.694292270701878e-16,2.222368034540087e-16,0.009431562685816679,0.6248741079624659,0.36569432935171703,1.169150914081113e-16
2021-07-30,2021-07-31,2021-08-31,Neutral,Neutral,True,Neutral,42,-4247.926053667087,2,965,1453,476,0.000730850770431158,0.005379959752876929,0.42,0.54,0.04,0.012321000281008288,0.013324740144229312,0.023625279659052277,0.017247897627616134,0.0,0.003942901446800925,0.034565821387326195,0.023224089320510732,False,False,1.0,0.2,0.2,0.2,0.2,0.2,2.282093956207632e-16,0.0,0.5043883484220231,0.49561165157797676,0.0,0.0,3.075117782120776e-16,0.8150075859981594,0.18499241400184038,0.0,0.0,0.0,0.6226936259880276,0.3773063740119724,0.0
2021-08-31,2021-08-31,2021-09-30,Neutral,Neutral,True,Bull,42,-4276.269958966526,0,964,1473,479,0.0007340155881274942,0.005385453414531537,0.4117647058823529,0.5490196078431373,0.0392156862745098,-0.03946799115242686,-0.037958722079088694,-0.043405650573998714,-0.04008391919904285,0.0,0.005006929753977067,0.005035653363132315,0.02058458064772335,False,False,1.0,0.2,0.2,0.2,0.2,0.2,8.937123755220403e-17,1.1115340720281067e-17,0.5068918132990113,0.4931081867009883,2.092281561919629e-16,5.49648577367404e-16,4.91141456817597e-16,0.8175254126797248,0.18247458732027422,0.0,4.4093754312341037e-16,0.005974233446760458,0.6270116828651281,0.3670140836881108,2.931339429571232e-16
2021-09-30,2021-09-30,2021-10-31,Bull,Bull,True,Bull,42,-4308.19012309614,0,968,1490,479,0.0008380165803047869,0.009592952144240384,0.325,0.5,0.175,0.04254647653559749,0.04778215860287882,0.048978721948136836,0.04753087936884272,0.0,0.002701860543001029,1.0173789283874786,0.26052850281099105,False,False,1.0,0.2,0.2,0.2,0.2,0.2,0.0,4.1208095827198195e-17,0.5082427435705119,0.4917572564294882,0.0,0.0,0.11203929104039174,0.308835948485986,0.3354196475331476,0.24370511294047464,0.0,4.106180232868613e-17,0.5027216649063936,0.49727833509360636,1.6306995171821803e-16
2021-10-29,2021-10-31,2021-11-30,Bull,Bull,True,Bull,42,-4342.303698131997,0,989,1490,479,0.0008887880300197907,0.009582454694548173,0.3414634146341463,0.4878048780487805,0.1707317073170731,-0.01073223364618301,0.009482133390244073,0.001127313667507245,0.009641357403271544,0.0,0.003533926090957395,0.0382560438273408,0.005668268735027752,False,False,0.9999999999999999,0.2,0.2,0.2,0.2,0.2,3.710251921752664e-17,9.17134786182625e-19,0.5100097066159905,0.4899902933840095,0.0,4.980579972666102e-16,0.1044506463748761,0.32560714726359785,0.33777647066920563,0.23216573569231985,0.0,9.69370242973399e-17,0.5055557992739074,0.4944442007260926,3.769631726417082e-17
2021-11-30,2021-11-30,2021-12-31,Bull,Bull,True,Bull,42,-4369.744009434584,1,1001,1499,479,0.0008522332644575357,0.009557767047933216,0.3571428571428571,0.4761904761904761,0.1666666666666666,0.04001321708220984,0.013586684888183908,0.03246947002710412,0.013300776148499375,0.0,0.0039955055070733485,0.041505123427035884,0.00370125890503195,False,False,0.9999999999999999,0.2,0.2,0.2,0.2,0.2,0.0,7.280800180832015e-17,0.5080119538624538,0.4919880461375459,1.2292507349067766e-16,0.0,0.11541505582304022,0.3239619400632421,0.3475646229345594,0.21305838117915815,6.149707712848009e-17,3.423860686353818e-18,0.5037051698213915,0.4962948301786084,0.0
2021-12-31,2021-12-31,2022-01-31,Bull,Bull,True,Bull,42,-4420.086091541646,0,1009,1513,479,0.0008641639231002216,0.009621411710426542,0.3720930232558139,0.4651162790697674,0.1627906976744186,-0.04584684975828395,-0.0461098854811308,-0.052371689136687015,-0.04589145097120939,0.0,0.008941211623329,0.08369566990851246,0.015963415179755726,False,False,0.9999999999999999,0.2,0.2,0.2,0.2,0.2,0.0,0.0,0.5124825596741183,0.4875174403258815,2.139875966618649e-16,0.0,0.10417176728505816,0.29925215448079934,0.34166986210072803,0.2549062161334144,0.0,0.005774425994784881,0.5059124514164843,0.4883131225887307,2.1327396216663339e-16
2022-01-31,2022-01-31,2022-02-28,Bull,Bull,True,Crisis,42,-4452.975407468184,0,1027,1515,479,0.0007862352138099469,0.009625821234001575,0.3863636363636363,0.4545454545454545,0.1590909090909091,-0.010749724148699659,-0.02311340557909643,-0.015158546819893861,-0.022131528315279266,0.0,0.0038201860894833345,0.05054080470919396,0.012439146227355905,False,False,0.9999999999999999,0.2,0.2,0.2,0.2,0.2,0.0,2.9831141658979223e-17,0.5143926527188599,0.4856073472811401,0.0,0.0,0.1267147340514109,0.29494398233110164,0.3207076318958288,0.2576336517216587,1.7585826433692612e-17,0.011332136387993165,0.506574314136954,0.48209354947505295,1.9816921781100617e-17
2022-02-28,2022-02-28,2022-03-31,Crisis,Crisis,True,Crisis,42,-4513.253139438706,2,1024,1520,496,-0.000651854596503671,0.018573499962254464,0.238095238095238,0.1904761904761904,0.5714285714285714,0.012740147514160907,-0.006780305439470054,-0.04315301196722604,-0.028169983852940776,0.0,0.02140370985602031,1.1627210088249291,0.5274323084996243,False,False,0.9999999999999998,0.2,0.2,0.2,0.2,0.2,2.2224800161517433e-17,0.010701854928009956,0.5100792610177795,0.4792188840542103,1.233007611335231e-16,6.78817932528552e-18,0.0035109865781441166,8.441568637601286e-18,0.9020681363082933,0.09442087711356263,0.0,0.05383309756677622,0.2428581598871418,0.7006890553915937,0.0026196871544882927
2022-03-31,2022-03-31,2022-04-30,Crisis,Crisis,True,Crisis,42,-4576.557115886222,2,1029,1515,519,-0.0005518666945662249,0.018428198308154592,0.2272727272727272,0.1818181818181818,0.5909090909090909,-0.0621960194248884,-0.08925159767260027,-0.08481880857254397,-0.08402120462985617,0.0,0.03352937974609287,0.11287366615393143,0.15397063106797299,False,False,1.0,0.2,0.2,0.2,0.2,0.2,1.5471410685452034e-16,0.022504072932855435,0.5150417328859803,0.462454194181164,3.397621225392351e-17,0.0,0.05861455937622984,0.0,0.8456313032313276,0.09575413739244265,5.364499641518263e-17,0.08947705663364722,0.19967476929594408,0.6668871304488049,0.043961043621603725
2022-04-29,2022-04-30,2022-05-31,Crisis,Crisis,True,Crisis,42,-4624.2618025817,0,1036,1524,523,-0.000613012108531874,0.018400667471146995,0.217391304347826,0.1739130434782608,0.6086956521739131,-0.015957265444451064,-0.010004349917640607,-0.025157041783936854,-0.024454900351052054,0.0,0.03021646669664722,0.04171765066181288,0.23070140829076893,False,False,0.9999999999999999,0.2,0.2,0.2,0.2,0.2,0.0,0.033598864962464836,0.5190551742046944,0.4473459608328405,1.2889249975664028e-16,0.0,0.07947338470713611,6.567623924863397e-17,0.8455845451928906,0.07494207009997311,0.0,0.12438165021547433,0.08432406515055968,0.6778878280233424,0.1134064566106236
2022-05-31,2022-05-31,2022-06-30,Crisis,Crisis,True,Crisis,42,-4646.497731850241,0,1036,1524,544,-0.0005852035473040177,0.018463073556628094,0.2083333333333333,0.1666666666666666,0.625,-0.05460421396805559,-0.049411193666969076,-0.013734740362391567,-0.026451331778127963,0.0,0.012225078675265035,0.23187383015692853,0.21627565194866122,False,False,0.9999999999999999,0.2,0.2,0.2,0.2,0.2,0.0,0.027486325624832456,0.5247872753777462,0.44772639899742134,9.143797171837117e-17,1.3382410669848576e-17,0.023571756729411208,0.0,0.9615214602713549,0.014906782999233812,1.0861086920456821e-17,0.09778080919288962,0.16428384991994338,0.7060658692282893,0.03186947165887774
2022-06-30,2022-06-30,2022-07-31,Crisis,Crisis,True,Bull,42,-4676.905907325887,0,1036,1524,565,-0.000715770499863797,0.01847817400461339,0.2,0.16,0.64,0.04567283816780428,0.058156535183884014,0.02431025076224191,0.025269063809525566,0.0,0.00690490128073494,0.07695707945728994,0.2571496302110708,False,False,1.0,0.2,0.2,0.2,0.2,0.2,3.5978928541601566e-16,0.02965388892956821,0.5213348247373788,0.4490112863330527,0.0,0.0,8.326672684688674e-17,0.0,0.9999999999999999,2.2167658468564918e-17,7.156680488658154e-17,0.11403474271129087,0.03570903481440795,0.7813442804261475,0.06891194204815362
2022-07-29,2022-07-31,2022-08-31,Bull,Bull,True,Crisis,42,-4733.8089903733135,1,1041,1524,580,0.0007946196950081515,0.009685567737381811,0.3777777777777777,0.4444444444444444,0.1777777777777777,-0.04741202403801132,-0.042797278580751885,-0.04602051708793416,-0.04237063311500391,0.0,0.031241361643509637,1.4821261826212813,0.9729270833939349,False,False,0.9999999999999999,0.2,0.2,0.2,0.2,0.2,0.0,0.014033208107813704,0.5303095008725777,0.4556572910196086,0.0,0.0,0.17199979162301227,0.26117338540910684,0.25893690868935926,0.3078899142785217,4.830835410316281e-17,0.042927107815512205,0.5221725765113755,0.4349003156731123,4.742959506361982e-17
2022-08-31,2022-08-31,2022-09-30,Crisis,Crisis,True,Crisis,42,-4795.227661480495,2,1059,1533,576,-0.0007920590086569129,0.018444491498277708,0.2307692307692307,0.1538461538461538,0.6153846153846154,-0.08492245778394165,-0.08721537086603896,-0.08235128064178492,-0.08608503812289094,0.0,0.016819901605357693,1.4821261826212804,0.998293920183807,False,False,0.9999999999999999,0.2,0.2,0.2,0.2,0.2,0.0,0.010734110504360765,0.5387194516752565,0.4505464378203827,0.0,2.979040983896727e-16,0.0,2.660230557027712e-17,0.9999999999999991,6.10622663543836e-16,1.512794249635057e-17,0.0,0.06595272423498415,0.8678718936693892,0.06617538209562662
2022-09-30,2022-09-30,2022-10-31,Crisis,Crisis,True,Crisis,42,-4853.292888710158,2,1053,1530,606,-0.000926325621342924,0.018224793900221237,0.2222222222222222,0.1481481481481481,0.6296296296296297,0.01955109093982668,0.018365886146651977,-0.059644110109739086,-0.05964411010974778,0.0,0.02715990178039627,1.4084822329573974e-13,0.26425621266122146,False,False,1.0,0.2,0.2,0.2,0.2,0.2,8.191084558099228e-16,0.013441840366873618,0.5495916727029405,0.43696648693018464,5.261359504593839e-16,2.9566981765174714e-14,0.0,2.6867975580010052e-14,0.9999999999999287,1.496025525682383e-14,0.0,1.7347234759768066e-16,0.0,0.9999999999999998,2.5889679349086476e-17
2022-10-31,2022-10-31,2022-11-30,Crisis,Crisis,True,Crisis,42,-4894.179902797564,2,1052,1530,628,-0.0007617591633266789,0.018197328602573913,0.2142857142857142,0.1428571428571428,0.6428571428571429,0.08103255380093613,0.06254682522777126,0.07151078095022143,0.07151078095022134,0.0,0.04033108556778175,1.4267153078294362e-13,3.8107432732436624e-16,False,False,0.9999999999999999,0.2,0.2,0.2,0.2,0.2,0.0,0.007912952646836804,0.5697572154868313,0.42232983186633155,3.2146061800249477e-16,0.0,5.329070518200723e-15,0.0,0.9999999999999947,0.0,0.0,1.4571677198205177e-16,2.2041334201721772e-16,0.9999999999999997,4.006572120082483e-18
2022-11-30,2022-11-30,2022-12-31,Crisis,Crisis,True,Crisis,42,-4938.063822878407,2,1051,1530,650,-0.0006261943063891349,0.01815445228488149,0.2068965517241379,0.1379310344827586,0.6551724137931034,-0.0245989995708811,-0.04223461633944687,-0.0262006577838888,-0.026753128196938508,0.0,0.034044307445506156,1.0417355147081555e-14,0.23934037158654992,False,False,0.9999999999999999,0.2,0.2,0.2,0.2,0.2,0.0,0.024935106369589795,0.5542263023216955,0.4208385913087145,1.1639478657739185e-16,1.5515838457795457e-17,1.3183898417423734e-16,9.758186132155278e-17,0.9999999999999998,0.0,5.412812576126578e-18,0.036906776857489346,0.08276340893578599,0.8803298142067247,8.683617639359812e-18
2022-12-30,2022-12-31,2023-01-31,Crisis,Crisis,True,Bull,42,-5004.165578567895,2,1048,1533,671,-0.0006950548627582019,0.018013261550437858,0.2,0.1333333333333333,0.6666666666666666,0.0781957057278008,0.0681506677716206,0.07643664925651118,0.07292413535580834,0.0,0.03883714165469139,6.998818847475063e-16,0.29898414662337597,False,False,1.0,0.2,0.2,0.2,0.2,0.2,0.0,0.04435367719693557,0.5498570988664072,0.40578922393665723,0.0,1.7221029811880422e-16,2.7755575615628914e-17,3.146412729244106e-16,0.9999999999999996,0.0,8.359696775727746e-18,0.18639885016917723,0.0,0.8136011498308227,0.0
2023-01-31,2023-01-31,2023-02-28,Bull,Bull,True,Bull,42,-5043.962350836158,0,1086,1545,641,0.0008127028732410155,0.009866360571152607,0.3695652173913043,0.4347826086956521,0.1956521739130435,-0.0433428760407242,-0.036197831547832814,-0.04880651597842228,-0.036737149424155686,0.0,0.023617779882697074,1.7168181836590373,1.0468198321353852,False,False,0.9999999999999999,0.2,0.2,0.2,0.2,0.2,0.0,0.050821708277518196,0.5380482089250587,0.41113008279742314,0.0,1.8912958557637003e-16,0.29787400856861357,0.2066066645730832,0.14159090817048092,0.35392841868782215,1.9346853985602495e-16,0.08898475898463729,0.5234099160676924,0.38760532494767,1.0542006499485409e-17
2023-02-28,2023-02-28,2023-03-31,Bull,Bull,True,Neutral,42,-5074.238183315599,1,1098,1552,641,0.000754921725224375,0.009892052868797796,0.3829787234042553,0.425531914893617,0.1914893617021276,0.03487366096657938,0.0433682484952239,0.031123611230594095,0.044960274648315646,0.0,0.02904252288986415,0.0558226802277801,0.024062431429962373,False,False,1.0,0.2,0.2,0.2,0.2,0.2,0.0,0.039897621584234204,0.5525694703699908,0.40753290804577513,0.0,3.840170018304373e-17,0.29653951497109043,0.2345180046869732,0.12954813423458553,0.33939434610735075,0.0,0.08534123932325802,0.5354411317826736,0.37921762889406835,3.625203904667702e-18
2023-03-31,2023-03-31,2023-04-30,Neutral,Neutral,True,Bull,42,-5111.726802904045,0,1554,1125,635,0.0007416789036969802,0.00992149433792963,0.4230769230769231,0.5384615384615384,0.0384615384615384,0.012095034144372319,0.010470054203987772,0.008560712745700217,0.011825712912388995,0.0,0.03840590206103423,0.21473194463075645,0.2346560876932804,False,False,0.9999999999999999,0.2,0.2,0.2,0.2,0.2,0.0,0.05910057261475132,0.5382149771617871,0.4026844502234617,0.0,1.4410334967677534e-16,0.28796037965655885,0.2961617560292166,0.17527035520772025,0.24060750910650414,0.0,0.11584265201619683,0.622267762936375,0.2618895850474282,7.165775646672408e-17
2023-04-28,2023-04-30,2023-05-31,Bull,Bull,True,Bull,42,-5151.624323207475,1,1139,1559,635,0.0007492600868130792,0.009911400912120564,0.375,0.4375,0.1875,-0.02372860467217273,-0.010420152634421103,-0.01692912441630359,-0.010227279507187433,0.0,0.00302526458778659,0.024884249409434796,0.2358574605533292,False,False,1.0,0.2,0.2,0.2,0.2,0.2,0.0,0.06032428546730758,0.538503896603124,0.4011718179295683,0.0,0.0,0.2929394620300361,0.30362479836045675,0.16727384302511483,0.2361618965843923,0.0,0.0907947584186949,0.5293869262572123,0.37981831532409277,4.347325710845081e-17
2023-05-31,2023-05-31,2023-06-30,Bull,Bull,True,Neutral,42,-5195.837741714338,1,1155,1555,645,0.000771497749707069,0.00985742805779048,0.3877551020408163,0.4285714285714285,0.1836734693877551,0.029150426595100056,0.034828898443106465,0.0262884890452236,0.0333417095624307,0.0,0.0146054080831704,0.16553429754381396,0.03840892283739519,False,False,0.9999999999999999,0.2,0.2,0.2,0.2,0.2,1.9333016236556637e-16,0.06094811521221917,0.5451827708997975,0.3938691138879832,3.23779908818593e-17,0.0,0.343628038455417,0.3357033707069829,0.10870771160188089,0.21196087923571932,2.6893313620640216e-16,0.10197542526579058,0.5374107208288137,0.3606138539053952,2.996442611299125e-16
2023-06-30,2023-06-30,2023-07-31,Neutral,Neutral,True,Bull,42,-5239.179326940846,1,1154,1577,645,0.000761828375566984,0.005462295863663427,0.4339622641509434,0.5283018867924528,0.0377358490566037,0.01551129820671291,0.009199246851209713,0.022179741490668876,0.017805524514857035,0.0,0.023983874540875843,1.111177835382272,0.29157093477495377,False,False,0.9999999999999999,0.2,0.2,0.2,0.2,0.2,2.4163744427179893e-16,0.0489561779417812,0.5547980812268054,0.39624574083141306,6.317227008010796e-17,0.0,1.4881539143852857e-16,0.8185918357953215,0.1814081642046784,0.0,0.0,0.07247314198729782,0.6831961882162906,0.2443306697964116,0.0
2023-07-31,2023-07-31,2023-08-31,Bull,Bull,True,Neutral,42,-5252.20951076183,2,1597,1159,640,0.0007724561073134092,0.0054670449077383965,0.38,0.44,0.18,-0.026715908854080487,-0.021873210222368204,-0.018787242008558046,-0.020925854720493353,0.0,0.02488490406569241,0.02855493937037652,0.31491939708298045,False,False,1.0,0.2,0.2,0.2,0.2,0.2,0.0,0.05773745848283052,0.5584592527186023,0.3838032887985672,0.0,0.0,0.0,0.8328693054805097,0.1671306945194903,0.0,0.0,0.13517751622650173,0.5257364896748004,0.3390859940986979,0.0
2023-08-31,2023-08-31,2023-09-30,Neutral,Neutral,True,Neutral,42,-5295.009642335973,1,1154,1620,645,0.0007513745385488777,0.005482128651948389,0.4444444444444444,0.5185185185185185,0.037037037037037,-0.056735502494178074,-0.059508189126199096,-0.0522016344561796,-0.054533427057307744,0.0,0.015438126406203102,0.037030033064758515,0.3260124575687291,False,False,0.9999999999999999,0.2,0.2,0.2,0.2,0.2,0.0,0.05858281244865685,0.5653329619558776,0.37608422559546567,0.0,2.436312712824812e-15,3.09796491321804e-16,0.8513843220128856,0.14861567798711103,6.332945976818988e-16,0.0,0.09043120854792244,0.6887427184591649,0.22082607299291265,0.0
2023-09-29,2023-09-30,2023-10-31,Neutral,Neutral,True,Bull,42,-5338.973239082577,2,1157,1642,640,0.0007145730693410714,0.005507820586528134,0.4363636363636363,0.5272727272727272,0.0363636363636363,-0.01356994200464381,-0.02821437804939646,-0.025473871186273513,-0.021955546206810703,0.0,0.03448734028910187,0.06849666498208154,0.055980196927087125,False,False,0.9999999999999998,0.2,0.2,0.2,0.2,0.2,2.9556674718779975e-16,0.056382296745304435,0.5825766321004281,0.36104107115426703,0.0,2.1022537185712624e-15,6.449983057292155e-16,0.885632654503926,0.11436734549607086,3.57386001811757e-16,5.225225918896689e-16,0.07073319230326533,0.7167328169227071,0.21253399077402618,8.471549078917526e-16
2023-10-31,2023-10-31,2023-11-30,Bull,Bull,True,Neutral,42,-5390.366148569665,1,1165,1640,656,0.0007471615550001689,0.00980014441905231,0.3725490196078431,0.4509803921568627,0.1764705882352941,0.08378019339298858,0.08742992523403675,0.07312032975210965,0.08475352523026541,0.0,0.08332354149305773,1.2281005661385849,0.2847138431817621,False,False,1.0,0.2,0.2,0.2,0.2,0.2,2.770141394556774e-17,0.09804406749183335,0.5776993476643874,0.3242565848437792,0.0,0.0,0.3859797381209104,0.3174486345044987,0.06850108242620788,0.22807054494838294,0.0,0.13460328779508698,0.5743758953318274,0.2910208168730856,0.0
2023-11-30,2023-11-30,2023-12-31,Neutral,Neutral,True,Neutral,42,-5425.328677507053,0,1167,1646,669,0.0007115800769720595,0.0055111036789060154,0.4464285714285714,0.5178571428571429,0.0357142857142857,0.058659523298271,0.056920490238959176,0.05020537460067181,0.051634954799993804,0.0,0.03785027169016639,1.2281005661385835,0.22421091468258478,False,False,1.0,0.2,0.2,0.2,0.2,0.2,0.0,0.08755218659159018,0.5692660927195473,0.3431817206888624,0.0,1.713894337221239e-15,8.658211948776002e-16,0.889567888917648,0.11043211108234861,7.277569204831288e-16,0.0,0.09371129978544283,0.6864813526731197,0.2198073475414373,0.0
2023-12-29,2023-12-31,2024-01-31,Neutral,Neutral,True,Neutral,42,-5445.466213062279,0,1168,1665,669,0.0007301121290146702,0.005510689003759845,0.4385964912280701,0.5263157894736842,0.0350877192982456,-0.015170805367494733,-0.00023514871835911624,0.010750924453242314,0.004474367878729445,0.0,0.036999283261463595,0.048850429025263965,0.030130813325566295,False,False,0.9999999999999999,0.2,0.2,0.2,0.2,0.2,0.0,0.07564407483860654,0.5626745628417993,0.3616813623195943,0.0,0.0,0.0,0.8651426744050194,0.13485732559498065,7.041493128112793e-17,0.0,0.08085533005729167,0.6842719157384878,0.23487275420422044,6.266604868919439e-17
2024-01-31,2024-01-31,2024-02-29,Neutral,Neutral,True,Bull,42,-5473.371561599081,0,1167,1687,669,0.0007301159323525812,0.005522444978551567,0.4310344827586206,0.5344827586206896,0.0344827586206896,0.01677579267715812,0.022034047195645126,0.042938827310450935,0.031314299418062165,0.0,0.014468132617643643,0.02214118018399123,0.016855500446018454,False,False,0.9999999999999999,0.2,0.2,0.2,0.2,0.2,1.8687766492878915e-16,0.07305937649103071,0.5699086291506203,0.35703199435834826,5.232493725094429e-16,1.1439919006432716e-15,1.116440241384796e-16,0.8762132644970133,0.12378673550298497,4.0325166896133957e-16,5.594136830340321e-16,0.0769983844320203,0.6926996659614963,0.23030194960648254,1.1486319954317425e-16
2024-02-29,2024-02-29,2024-03-31,Bull,Bull,True,Neutral,42,-5517.132723335887,1,1179,1695,669,0.000860665971213987,0.009752789082022859,0.3653846153846153,0.4615384615384615,0.173076923076923,0.03610212344165249,0.02804280728522126,0.042671143779626566,0.030124630855047324,0.0,0.018017875727937796,0.9956205320979348,0.2287893393273375,False,False,0.9999999999999999,0.2,0.2,0.2,0.2,0.2,0.0,0.07405056052551778,0.5779263829801022,0.3480230564943801,4.4438955439395504e-17,2.8997647467764286e-16,0.299441325248931,0.3784029984480468,0.16652467504279914,0.1556310012602228,0.0,0.10033186565895423,0.5783049962978283,0.32136313804321737,0.0
2024-03-28,2024-03-31,2024-04-30,Neutral,Neutral,True,Bull,42,-5554.741395698168,1,1188,1706,669,0.000752307100996287,0.00553619185894559,0.4406779661016949,0.5254237288135594,0.0338983050847457,-0.03737023296237833,-0.04147584933084297,-0.04306855311967964,-0.03854407054151834,0.0,0.05021083470375298,1.0163390950204536,0.2144491733949282,False,False,1.0,0.2,0.2,0.2,0.2,0.2,0.0,0.09915597787739423,0.5658536131044947,0.33499040901811117,0.0,1.2686968691029352e-15,6.736497379331983e-17,0.8865725459582725,0.11342745404172534,6.861025376056407e-16,0.0,0.0994892210720024,0.6855295829952924,0.21498119593270515,0.0
2024-04-30,2024-04-30,2024-05-31,Bull,Bull,True,Neutral,42,-5598.5205690275925,0,1194,1722,669,0.000868076909043811,0.009728389349805185,0.3584905660377358,0.4716981132075472,0.1698113207547169,0.03836751538256827,0.039606639570722406,0.03586354241785969,0.039569461755782374,0.0,0.04852429676399931,1.010639174549616,0.22337308746648257,False,False,1.0,0.2,0.2,0.2,0.2,0.2,1.0069534599600427e-16,0.12291372208349101,0.5663580172803971,0.3107282606361114,2.185307419369908e-16,4.897186513241689e-17,0.3036043178117311,0.3812529586834659,0.16169792436082897,0.15344479914397408,1.4635252590889907e-15,0.13866062518968414,0.5738430392620512,0.2874963355482625,7.892894051744409e-16
2024-05-31,2024-05-31,2024-06-30,Neutral,Neutral,True,Neutral,42,-5633.006763078661,2,1203,1738,666,0.0007188275251639441,0.005558006663415965,0.45,0.5166666666666667,0.0333333333333333,0.010518629808742807,0.02551970629796053,0.033785051520590074,0.02779761748758388,0.0,0.008678446792082115,1.0627042808373375,0.22229820999795627,False,False,1.0,0.2,0.2,0.2,0.2,0.2,4.039463781182727e-16,0.11931299144571364,0.5656195245221335,0.3150674840321521,3.041118445235351e-16,0.0,0.0,0.9126050991021347,0.0873949008978654,0.0,0.0,0.10724367115338852,0.6849921442610294,0.20776418458558218,1.0989298365531498e-16
2024-06-28,2024-06-30,2024-07-31,Neutral,Neutral,True,Bull,42,-5648.972036864292,0,1204,1751,671,0.0007228882043846908,0.005547245093043223,0.4426229508196721,0.5245901639344263,0.0327868852459016,0.04147798432642902,0.024484715304702635,0.01449424827514819,0.021589532087455385,0.0,0.014450007260652953,0.02241972676216243,0.0013517250590568632,False,False,0.9999999999999999,0.2,0.2,0.2,0.2,0.2,3.237748985584196e-16,0.11208798781538734,0.5689011697890788,0.31901084239553334,3.5834487882393725e-16,0.0,0.0,0.9013952357210534,0.09860476427894652,0.0,3.425229274924847e-16,0.106784927621038,0.6847750252638515,0.20844004711511016,0.0
2024-07-31,2024-07-31,2024-08-31,Bull,Bull,True,Bull,42,-5686.815413039049,1,1244,1720,684,0.0008153408835812622,0.009592523829614634,0.3518518518518518,0.4814814814814814,0.1666666666666666,0.030042033934200733,0.022347871903961328,0.026694887156622913,0.02239247322580731,0.0,0.02057789127070864,1.0469432154611442,0.21245000162575609,False,False,0.9999999999999999,0.2,0.2,0.2,0.2,0.2,0.0,0.12226586021903592,0.558612224153725,0.31912191562723896,0.0,0.0,0.3143541049864095,0.3779236279904813,0.15365351524230092,0.15406875178080814,1.1234632500771827e-15,0.12400864345887916,0.5785500244509735,0.29744133209014584,4.77857149345238e-16
2024-08-30,2024-08-31,2024-09-30,Bull,Bull,True,Bull,42,-5760.008103743051,1,1257,1726,687,0.0008485710461252451,0.00963861285856018,0.3636363636363636,0.4727272727272727,0.1636363636363636,0.026483501562727968,0.024332736205837733,0.03231856789079697,0.024564411244590727,0.0,0.005681841798383144,0.06408730799870613,0.010597277365619098,False,False,0.9999999999999999,0.2,0.2,0.2,0.2,0.2,1.1423400789649094e-16,0.12225210564638771,0.5557850578271818,0.32196283652643043,1.212931775496294e-16,3.1904442828841894e-17,0.31074900059195454,0.3561590612668111,0.146979532361073,0.18611240578016122,0.0,0.12918010692289753,0.5732513857681655,0.29756850730893697,0.0
2024-09-30,2024-09-30,2024-10-31,Bull,Bull,True,Neutral,42,-5791.864337737947,1,1265,1725,700,0.0007912237239442058,0.009602851245774821,0.375,0.4642857142857143,0.1607142857142857,-0.021355438391227666,-0.016686502680790694,-0.0035179417088826276,-0.014840620913602387,0.0,0.018895516778903682,0.04227862216749384,0.0279593298273269,False,False,1.0,0.2,0.2,0.2,0.2,0.2,2.4028074743319023e-16,0.1316998640358392,0.5482937235539667,0.3200064124101936,2.4859136584820456e-16,0.0,0.32589523531092357,0.3350197501830643,0.15050412191103218,0.18858089259497998,5.291803654213138e-16,0.14315977183656048,0.5642509549635278,0.29258927319991124,4.8712424466575425e-17
2024-10-31,2024-10-31,2024-11-30,Neutral,Neutral,True,Bull,42,-5824.883251299392,1,1236,1777,700,0.0006990747390241283,0.005534282241784834,0.4516129032258064,0.5161290322580645,0.032258064516129,0.017540010795393135,0.03381994475142107,0.056642944025846007,0.03918349900601133,0.0,0.04282427265426379,1.1795344234680345,0.19021927563720273,False,False,0.9999999999999999,0.2,0.2,0.2,0.2,0.2,0.0,0.1531120003629711,0.5476145088265494,0.2992734908104795,0.0,0.0,0.0,0.9247869619170814,0.07521303808291843,0.0,1.7820876191300973e-16,0.13510558126384745,0.6593605927821288,0.20553382595402325,4.642707859840015e-16
2024-11-29,2024-11-30,2024-12-31,Bull,Bull,True,Bull,42,-5862.153647911988,1,1283,1741,709,0.0007960040182421016,0.009553004865513385,0.3684210526315789,0.4736842105263157,0.1578947368421052,-0.04303644800818196,-0.0349591611728987,-0.03898410924048314,-0.03406987310322852,0.0,0.035040238991974906,1.1110530559709402,0.16028309288121087,False,False,0.9999999999999999,0.2,0.2,0.2,0.2,0.2,1.9288623300593128e-15,0.1355918808669837,0.5562043559837002,0.30820376314931297,1.275812754943492e-15,4.019571900472635e-16,0.26812040162954065,0.36926043393161134,0.2027399231657111,0.15987924127313652,8.413914861311703e-16,0.13496886149561838,0.5793557661097524,0.2856753723946279,5.138115504935444e-16
2024-12-31,2024-12-31,2025-01-31,Bull,Bull,True,Bull,42,-5897.690085114342,1,1298,1746,710,0.0007584243326903281,0.009531871753632314,0.3793103448275862,0.4655172413793103,0.1551724137931034,0.03282960574088203,0.026306706377565114,0.0319530356137203,0.026958353268144334,0.0,0.03129422326406041,0.042090188713392776,0.03443294743527829,False,False,0.9999999999999999,0.2,0.2,0.2,0.2,0.2,0.0,0.14309261292979722,0.5643507355529168,0.2925566515172859,0.0,5.832985520227479e-17,0.27039883655032865,0.36219973264797944,0.18875553009264695,0.1786459007090449,6.716907060081708e-16,0.14609572979469884,0.5854453715283107,0.268458898676989,9.751074244018013e-16
2025-01-31,2025-01-31,2025-02-28,Bull,Bull,True,Bull,42,-5928.490217580758,1,1273,1804,697,0.000798441797022496,0.009661305595088779,0.3898305084745763,0.4576271186440678,0.1525423728813559,0.025803797136210466,0.012010124187744487,0.01817812144453456,0.010818815478950557,0.0,0.03390610818965462,0.07483848361818021,0.06214934871115972,False,False,0.9999999999999999,0.2,0.2,0.2,0.2,0.2,0.0,0.16004566702462433,0.5563456977780102,0.2836086351973652,2.266046759710049e-16,4.3638295662549715e-18,0.3056792889494961,0.3349586431500656,0.17857737778147068,0.18078469011896753,0.0,0.17717040415027865,0.5639196904461445,0.2589099054035769,0.0
2025-02-28,2025-02-28,2025-03-31,Bull,Bull,True,Crisis,42,-5971.159155661794,1,1283,1813,697,0.000793738328830522,0.00964926480548796,0.4,0.45,0.15,0.0005320785605489969,-0.01911697519475446,0.004330076074091703,-0.016953843720746143,0.0,0.020751763357483136,0.04054709959108489,0.022361604315533953,False,False,1.0,0.2,0.2,0.2,0.2,0.2,9.005966736438531e-16,0.15822673373449456,0.5477887493893985,0.2939845168761054,7.155496427179812e-16,4.328918929724932e-16,0.31074997136441795,0.3208242778016807,0.17243819333431326,0.1959875574995878,2.0471209365253874e-16,0.18056500474713222,0.5527388882883776,0.2666961069644901,3.2573706193925157e-17
2025-03-31,2025-03-31,2025-04-30,Crisis,Crisis,True,Crisis,42,-6032.295544461576,0,1287,1820,707,-0.0004747743856155204,0.01776185441462486,0.2258064516129032,0.1290322580645161,0.6451612903225806,0.00890229131843343,0.0021270496974090023,0.00894633388740591,0.022039764495748893,0.0,0.07031475917445693,1.0336236706025375,0.9993518789858946,False,False,0.9999999999999999,0.2,0.2,0.2,0.2,0.2,0.0,0.19338411332172295,0.5290782214195534,0.2775376652587233,2.2494868458739984e-16,0.0,0.3323692191690864,0.0,0.6676307808309134,0.0,2.528003440267743e-17,0.5214892692704973,0.05306294879543044,0.4254477819340723,0.0
2025-04-30,2025-04-30,2025-05-31,Crisis,Crisis,True,Bull,42,-5943.880805961172,1,1307,1821,707,-0.0006100681691727853,0.018234772890047237,0.21875,0.125,0.65625,0.01785854076672573,0.023827851129074304,-0.020969284635965566,-0.01414404834845595,0.0,0.0552979108721674,0.04131535301233421,0.1061258975908608,False,False,1.0,0.2,0.2,0.2,0.2,0.2,2.0186840799492712e-16,0.2210330687578061,0.5156466565508686,0.2633202746913245,6.875085326355784e-16,4.76768524652472e-17,0.35302689567525203,1.5116044937871425e-16,0.6469731043247464,1.3741766757845557e-15,0.0,0.5693820016734364,7.453051894344557e-18,0.4306179983265635,1.0312025561034645e-18
2025-05-30,2025-05-31,2025-06-30,Bull,Bull,True,Neutral,42,-5974.342070303847,0,1318,1823,715,0.0007743939385251721,0.009732310556339491,0.3934426229508196,0.4426229508196721,0.1639344262295081,0.02258501152235519,0.034660205546358305,0.022182799689656592,0.03417599169559919,0.0,0.0197269646838078,0.9966185786615499,1.0465906709230706,False,False,0.9999999999999998,0.2,0.2,0.2,0.2,0.2,0.0,0.2206557062997986,0.5255101388927725,0.25383415480742894,8.531206268069267e-17,8.494921555643013e-17,0.34539154668216454,0.29636917062420787,0.15629916398705884,0.20194011870656853,0.0,0.23966518773531484,0.5232953354615354,0.23703947680314985,0.0
2025-06-30,2025-06-30,2025-07-31,Neutral,Neutral,True,Neutral,42,-6014.125716466547,0,1325,1822,729,0.000729337985330806,0.0055619930826705894,0.4603174603174603,0.5079365079365079,0.0317460317460317,-0.002904173713820346,0.007881091794769361,0.020133363913065843,0.011662523356172686,0.0,0.017841872090656272,1.2389021246550957,0.2423119635914062,False,False,0.9999999999999999,0.2,0.2,0.2,0.2,0.2,0.0,0.21173477025447054,0.527577859825715,0.26068736991981456,0.0,0.0,0.0,0.9158202329517559,0.08417976704824355,5.22235018394148e-16,0.0,0.16568944778792988,0.6444513172572385,0.18985923495483173,3.208421914147895e-17
2025-07-31,2025-07-31,2025-08-31,Neutral,Neutral,True,Neutral,42,-6033.480261946308,1,1319,1838,741,0.0007172137827257598,0.005552596875565054,0.453125,0.515625,0.03125,0.0301089230322253,0.02138950265565298,0.01870461775377137,0.021609146474860983,0.0,0.00901327761454862,0.009633648324395528,0.015414823418240537,False,False,1.0,0.2,0.2,0.2,0.2,0.2,0.0,0.20929660345827875,0.5320844986329893,0.25861889790873205,0.0,4.268343416591946e-16,2.974150196095138e-16,0.9110034087895584,0.08899659121044053,1.1376235269312305e-16,9.21515216066345e-16,0.16449086180778372,0.6521587289663577,0.18335040922585757,7.265894603498681e-17
2025-08-29,2025-08-31,2025-09-30,Neutral,Neutral,True,Neutral,42,-6070.218385674526,1,1328,1869,722,0.0007364931857976503,0.005577083116318607,0.4461538461538462,0.5230769230769231,0.0307692307692307,0.04207021272532452,0.053741182235483215,0.03564091155042419,0.04971709014303756,0.0,0.02178990420095342,0.0361043492890248,0.02102883031738553,False,False,1.0,0.2,0.2,0.2,0.2,0.2,0.0,0.22019155555875541,0.5274221922340578,0.2523862522071868,0.0,0.0,1.2280790720620646e-16,0.9290555834340709,0.07094441656592891,0.0,0.0,0.17137660540580169,0.6557874005270325,0.17283599406716582,0.0
2025-09-30,2025-09-30,2025-10-31,Neutral,Neutral,True,Bull,42,-6083.701884379647,2,1332,1891,717,0.0007458132407385158,0.0055758288581139095,0.4393939393939394,0.5303030303030303,0.0303030303030303,0.012145607123825241,0.024157585184632485,0.023008106826373904,0.024130097185243577,0.0,0.03696787039882278,0.023541385842054244,0.015903793350493776,False,False,1.0,0.2,0.2,0.2,0.2,0.2,7.919380148925996e-16,0.23867549075816596,0.5135714021313851,0.24775310711044812,0.0,0.0,6.360399482226289e-16,0.9172848905130437,0.08271510948695547,0.0,0.0,0.17559170268099264,0.6478355038517857,0.17657279346722174,3.2305481076021875e-17
2025-10-31,2025-10-31,2025-11-30,Bull,Bull,True,Neutral,42,-6126.191346760865,1,1355,1889,719,0.000802639619774654,0.00968270781192565,0.3870967741935484,0.4516129032258064,0.1612903225806451,0.01799603651067763,0.014443431292159529,0.02278392034317276,0.015051978805260624,0.0,0.004682312082695248,1.1543481758420946,0.2632623031901381,False,False,0.9999999999999999,0.2,0.2,0.2,0.2,0.2,0.0,0.23778316798153423,0.51212256886667,0.2500942631517957,0.0,0.0,0.32722365832615885,0.3401108025919966,0.16287579183759576,0.16978974724424878,4.2058647224236386e-17,0.24978796623015173,0.5162043522567166,0.2340076815131314,2.3791734522797914e-16
2025-12-31,2025-12-31,2026-01-31,Bull,Bull,True,Bull,42,-6196.7410303618935,0,1837,1412,755,0.0007518393451395376,0.005500338618624881,0.3809523809523809,0.4603174603174603,0.1587301587301587,0.0424555240908344,0.03884281091733103,0.013066545911605991,0.042593858526654024,0.0,0.03697902586207544,1.0981592645137819,0.07799879283250105,False,False,0.9999999999999999,0.2,0.2,0.2,0.2,0.2,3.348339900539984e-16,0.25627268091257166,0.5069557922337994,0.23677152685362862,0.0,0.0,6.457480656422792e-16,0.8891904348488875,0.11080956515111193,0.0,0.0,0.2887873626464023,0.49033033290581596,0.2208823044477818,3.796089418115092e-18
2026-01-30,2026-01-31,2026-02-28,Bull,Bull,True,Neutral,42,-6220.174786827982,1,1858,1411,755,0.0007505709499275457,0.005507722026563901,0.390625,0.453125,0.15625,0.044164625073764154,0.0290222944096575,-0.003106894784211068,0.030543402983029506,0.0,0.030567201940627904,0.009698011982158814,0.010920492278702374,False,False,1.0,0.2,0.2,0.2,0.2,0.2,3.461125787887508e-16,0.2715562818828855,0.5002227098884967,0.22822100822861738,1.3283646919837463e-16,7.59045147331774e-16,0.0013759666677811491,0.8926634741721852,0.1059605591600324,3.477235014862149e-16,0.0,0.2942367578052912,0.49034118388627823,0.2154220583084306,0.0
