decision_month,decision_date,holding_month,current_regime,actual_next_regime,model,predicted_regime,p_Bull,p_Neutral,p_Crisis
2018-01-31,2018-01-31,2018-02-28,Bull,Crisis,Persistence,Bull,1.0,0.0,0.0
2018-01-31,2018-01-31,2018-02-28,Bull,Crisis,Logistic_Regression,Neutral,0.0738952590009893,0.926101339772228,3.4012267825841543e-06
2018-01-31,2018-01-31,2018-02-28,Bull,Crisis,Random_Forest,Neutral,0.19515156277225756,0.8048484372277425,0.0
2018-01-31,2018-01-31,2018-02-28,Bull,Crisis,Hist_Gradient_Boosting,Neutral,0.006182051536738718,0.99372638157195,9.156689131124e-05
2018-01-31,2018-01-31,2018-02-28,Bull,Crisis,Gaussian_NB,Neutral,3.2678081549441976e-07,0.9999996732191861,3.1335612526298446e-186
2018-02-28,2018-02-28,2018-03-31,Crisis,Crisis,Persistence,Crisis,0.0,0.0,1.0
2018-02-28,2018-02-28,2018-03-31,Crisis,Crisis,Logistic_Regression,Crisis,0.06381238139373877,0.23789567510782736,0.6982919434984338
2018-02-28,2018-02-28,2018-03-31,Crisis,Crisis,Random_Forest,Neutral,0.1881855793085047,0.4771064292434633,0.33470799144803204
2018-02-28,2018-02-28,2018-03-31,Crisis,Crisis,Hist_Gradient_Boosting,Neutral,0.00733530781256015,0.9348718054223556,0.05779288676508422
2018-02-28,2018-02-28,2018-03-31,Crisis,Crisis,Gaussian_NB,Neutral,1.0019020041022422e-07,0.9993359751281077,0.0006639246816918417
2018-03-31,2018-03-29,2018-04-30,Crisis,Bull,Persistence,Crisis,0.0,0.0,1.0
2018-03-31,2018-03-29,2018-04-30,Crisis,Bull,Logistic_Regression,Crisis,0.03006452677095222,0.07636970613656713,0.8935657670924806
2018-03-31,2018-03-29,2018-04-30,Crisis,Bull,Random_Forest,Neutral,0.13098886308494342,0.5668254676131823,0.3021856693018747
2018-03-31,2018-03-29,2018-04-30,Crisis,Bull,Hist_Gradient_Boosting,Neutral,0.08112090117196039,0.7145374033695289,0.20434169545851077
2018-03-31,2018-03-29,2018-04-30,Crisis,Bull,Gaussian_NB,Neutral,4.272503801382391e-08,0.9300645302227429,0.06993542705221982
2018-04-30,2018-04-30,2018-05-31,Bull,Neutral,Persistence,Bull,1.0,0.0,0.0
2018-04-30,2018-04-30,2018-05-31,Bull,Neutral,Logistic_Regression,Crisis,0.13646672286904224,0.06725620088699343,0.7962770762439643
2018-04-30,2018-04-30,2018-05-31,Bull,Neutral,Random_Forest,Crisis,0.295360275737617,0.31645776342260246,0.3881819608397809
2018-04-30,2018-04-30,2018-05-31,Bull,Neutral,Hist_Gradient_Boosting,Neutral,0.339767944679791,0.38668298525595113,0.2735490700642579
2018-04-30,2018-04-30,2018-05-31,Bull,Neutral,Gaussian_NB,Neutral,0.0006802993185708996,0.9956878982430122,0.0036318024384160022
2018-05-31,2018-05-31,2018-06-30,Neutral,Neutral,Persistence,Neutral,0.0,1.0,0.0
2018-05-31,2018-05-31,2018-06-30,Neutral,Neutral,Logistic_Regression,Crisis,0.14078767040046553,0.1283728615357227,0.7308394680638117
2018-05-31,2018-05-31,2018-06-30,Neutral,Neutral,Random_Forest,Neutral,0.2867119644250623,0.36969602118460726,0.34359201439033066
2018-05-31,2018-05-31,2018-06-30,Neutral,Neutral,Hist_Gradient_Boosting,Neutral,0.41395881190299566,0.466987516030717,0.11905367206628728
2018-05-31,2018-05-31,2018-06-30,Neutral,Neutral,Gaussian_NB,Neutral,0.00011199959392619654,0.8830754444170196,0.1168125559890539
2018-06-30,2018-06-29,2018-07-31,Neutral,Bull,Persistence,Neutral,0.0,1.0,0.0
2018-06-30,2018-06-29,2018-07-31,Neutral,Bull,Logistic_Regression,Crisis,0.12373874825256707,0.39649111471673004,0.479770137030703
2018-06-30,2018-06-29,2018-07-31,Neutral,Bull,Random_Forest,Neutral,0.19262071353188473,0.5203612698689999,0.2870180165991156
2018-06-30,2018-06-29,2018-07-31,Neutral,Bull,Hist_Gradient_Boosting,Neutral,0.08754235516014505,0.7028654111836982,0.20959223365615678
2018-06-30,2018-06-29,2018-07-31,Neutral,Bull,Gaussian_NB,Neutral,3.4116984293340434e-05,0.9830161255868028,0.016949757428905605
2018-07-31,2018-07-31,2018-08-31,Bull,Bull,Persistence,Bull,1.0,0.0,0.0
2018-07-31,2018-07-31,2018-08-31,Bull,Bull,Logistic_Regression,Neutral,0.23512508614726427,0.3838046569229167,0.38107025692981905
2018-07-31,2018-07-31,2018-08-31,Bull,Bull,Random_Forest,Neutral,0.2404272638061272,0.4291735142345666,0.3303992219593061
2018-07-31,2018-07-31,2018-08-31,Bull,Bull,Hist_Gradient_Boosting,Neutral,0.045049827150851936,0.6487389601719096,0.3062112126772384
2018-07-31,2018-07-31,2018-08-31,Bull,Bull,Gaussian_NB,Neutral,0.0020009776839475736,0.9398568378632945,0.05814218445275615
2018-08-31,2018-08-31,2018-09-30,Bull,Bull,Persistence,Bull,1.0,0.0,0.0
2018-08-31,2018-08-31,2018-09-30,Bull,Bull,Logistic_Regression,Bull,0.5120918812258094,0.22695605793020052,0.26095206084399003
2018-08-31,2018-08-31,2018-09-30,Bull,Bull,Random_Forest,Bull,0.3857799826186431,0.3657631471447684,0.24845687023658852
2018-08-31,2018-08-31,2018-09-30,Bull,Bull,Hist_Gradient_Boosting,Bull,0.5091365772929539,0.24789524959077064,0.24296817311627544
2018-08-31,2018-08-31,2018-09-30,Bull,Bull,Gaussian_NB,Neutral,0.06725759525758931,0.8406309490440808,0.09211145569832976
2018-09-30,2018-09-28,2018-10-31,Bull,Crisis,Persistence,Bull,1.0,0.0,0.0
2018-09-30,2018-09-28,2018-10-31,Bull,Crisis,Logistic_Regression,Bull,0.7560810565856029,0.12802941264073658,0.11588953077366056
2018-09-30,2018-09-28,2018-10-31,Bull,Crisis,Random_Forest,Bull,0.45312331704675984,0.3133212698328018,0.23355541312043832
2018-09-30,2018-09-28,2018-10-31,Bull,Crisis,Hist_Gradient_Boosting,Neutral,0.4172432309708753,0.5069232169304714,0.07583355209865343
2018-09-30,2018-09-28,2018-10-31,Bull,Crisis,Gaussian_NB,Bull,0.458528216237747,0.37086356856531577,0.1706082151969361
2018-10-31,2018-10-31,2018-11-30,Crisis,Crisis,Persistence,Crisis,0.0,0.0,1.0
2018-10-31,2018-10-31,2018-11-30,Crisis,Crisis,Logistic_Regression,Crisis,0.3162454985117649,0.06519179602057044,0.6185627054676648
2018-10-31,2018-10-31,2018-11-30,Crisis,Crisis,Random_Forest,Bull,0.41559547476060515,0.2904375879599329,0.29396693727946194
2018-10-31,2018-10-31,2018-11-30,Crisis,Crisis,Hist_Gradient_Boosting,Bull,0.9464015169275124,0.050792431159199174,0.002806051913288371
2018-10-31,2018-10-31,2018-11-30,Crisis,Crisis,Gaussian_NB,Neutral,0.4486461262475583,0.457311193388062,0.09404268036437964
2018-11-30,2018-11-30,2018-12-31,Crisis,Crisis,Persistence,Crisis,0.0,0.0,1.0
2018-11-30,2018-11-30,2018-12-31,Crisis,Crisis,Logistic_Regression,Crisis,0.08264722403167649,0.03437613580351047,0.882976640164813
2018-11-30,2018-11-30,2018-12-31,Crisis,Crisis,Random_Forest,Crisis,0.3427518967692451,0.1872198547869515,0.4700282484438039
2018-11-30,2018-11-30,2018-12-31,Crisis,Crisis,Hist_Gradient_Boosting,Bull,0.4303894401125937,0.4097546067802485,0.1598559531071578
2018-11-30,2018-11-30,2018-12-31,Crisis,Crisis,Gaussian_NB,Crisis,0.002750312398481393,0.0027462712203712913,0.9945034163811468
2018-12-31,2018-12-31,2019-01-31,Crisis,Crisis,Persistence,Crisis,0.0,0.0,1.0
2018-12-31,2018-12-31,2019-01-31,Crisis,Crisis,Logistic_Regression,Crisis,0.050916633069733985,0.026279351612076035,0.9228040153181901
2018-12-31,2018-12-31,2019-01-31,Crisis,Crisis,Random_Forest,Crisis,0.21239866434013663,0.11342014801166014,0.6741811876482032
2018-12-31,2018-12-31,2019-01-31,Crisis,Crisis,Hist_Gradient_Boosting,Crisis,0.23719097752898197,0.026796818017003465,0.7360122044540145
2018-12-31,2018-12-31,2019-01-31,Crisis,Crisis,Gaussian_NB,Crisis,0.0003811103407835987,0.00037933175182946165,0.9992395579073874
2019-01-31,2019-01-31,2019-02-28,Crisis,Neutral,Persistence,Crisis,0.0,0.0,1.0
2019-01-31,2019-01-31,2019-02-28,Crisis,Neutral,Logistic_Regression,Crisis,0.03027764217146075,0.01699189435561856,0.9527304634729207
2019-01-31,2019-01-31,2019-02-28,Crisis,Neutral,Random_Forest,Crisis,0.1628529992645169,0.16071914797350162,0.6764278527619814
2019-01-31,2019-01-31,2019-02-28,Crisis,Neutral,Hist_Gradient_Boosting,Crisis,0.0361749795777768,0.07262671415422678,0.8911983062679963
2019-01-31,2019-01-31,2019-02-28,Crisis,Neutral,Gaussian_NB,Crisis,0.0003615756143944635,0.00013524386905079693,0.9995031805165547
2019-02-28,2019-02-28,2019-03-31,Neutral,Neutral,Persistence,Neutral,0.0,1.0,0.0
2019-02-28,2019-02-28,2019-03-31,Neutral,Neutral,Logistic_Regression,Crisis,0.054907413077242714,0.07150653516659342,0.8735860517561639
2019-02-28,2019-02-28,2019-03-31,Neutral,Neutral,Random_Forest,Crisis,0.18662632609219473,0.34438680150163553,0.4689868724061697
2019-02-28,2019-02-28,2019-03-31,Neutral,Neutral,Hist_Gradient_Boosting,Neutral,0.028389930137961983,0.9588755021953559,0.012734567666682111
2019-02-28,2019-02-28,2019-03-31,Neutral,Neutral,Gaussian_NB,Crisis,0.029512974188602336,0.15983996275793766,0.8106470630534599
2019-03-31,2019-03-29,2019-04-30,Neutral,Bull,Persistence,Neutral,0.0,1.0,0.0
2019-03-31,2019-03-29,2019-04-30,Neutral,Bull,Logistic_Regression,Crisis,0.03593329437038224,0.14236193333070743,0.8217047722989104
2019-03-31,2019-03-29,2019-04-30,Neutral,Bull,Random_Forest,Crisis,0.08483036871487218,0.3041810434081461,0.6109885878769814
2019-03-31,2019-03-29,2019-04-30,Neutral,Bull,Hist_Gradient_Boosting,Neutral,0.0030062237524360737,0.8712000581766997,0.12579371807086423
2019-03-31,2019-03-29,2019-04-30,Neutral,Bull,Gaussian_NB,Crisis,2.1336930424621145e-05,0.004154708319680843,0.9958239547498962
2019-04-30,2019-04-30,2019-05-31,Bull,Neutral,Persistence,Bull,1.0,0.0,0.0
2019-04-30,2019-04-30,2019-05-31,Bull,Neutral,Logistic_Regression,Crisis,0.13418776905046662,0.2397085417471229,0.6261036892024104
2019-04-30,2019-04-30,2019-05-31,Bull,Neutral,Random_Forest,Crisis,0.2022238165221769,0.2515475801852112,0.5462286032926118
2019-04-30,2019-04-30,2019-05-31,Bull,Neutral,Hist_Gradient_Boosting,Bull,0.6600327822263594,0.2683885203859133,0.07157869738772733
2019-04-30,2019-04-30,2019-05-31,Bull,Neutral,Gaussian_NB,Crisis,0.00017089074850248963,0.0012327687454404901,0.9985963405060571
2019-05-31,2019-05-31,2019-06-30,Neutral,Neutral,Persistence,Neutral,0.0,1.0,0.0
2019-05-31,2019-05-31,2019-06-30,Neutral,Neutral,Logistic_Regression,Crisis,0.12333670818340496,0.33480312095799447,0.5418601708586005
2019-05-31,2019-05-31,2019-06-30,Neutral,Neutral,Random_Forest,Crisis,0.1743057027898601,0.3785313863426037,0.44716291086753646
2019-05-31,2019-05-31,2019-06-30,Neutral,Neutral,Hist_Gradient_Boosting,Bull,0.499226292286627,0.31025574806424616,0.19051795964912685
2019-05-31,2019-05-31,2019-06-30,Neutral,Neutral,Gaussian_NB,Crisis,0.005906938032015272,0.13516751284528844,0.8589255491226976
2019-06-30,2019-06-28,2019-07-31,Neutral,Bull,Persistence,Neutral,0.0,1.0,0.0
2019-06-30,2019-06-28,2019-07-31,Neutral,Bull,Logistic_Regression,Neutral,0.10585678842890081,0.5518652227891555,0.34227798878194365
2019-06-30,2019-06-28,2019-07-31,Neutral,Bull,Random_Forest,Neutral,0.16855895951166425,0.49453082168095536,0.33691021880738015
2019-06-30,2019-06-28,2019-07-31,Neutral,Bull,Hist_Gradient_Boosting,Neutral,0.1247472756750273,0.8334204343422844,0.04183228998268823
2019-06-30,2019-06-28,2019-07-31,Neutral,Bull,Gaussian_NB,Crisis,0.00189568741045267,0.25325934301315967,0.7448449695763883
2019-07-31,2019-07-31,2019-08-31,Bull,Crisis,Persistence,Bull,1.0,0.0,0.0
2019-07-31,2019-07-31,2019-08-31,Bull,Crisis,Logistic_Regression,Neutral,0.2337723673658966,0.6064534930210985,0.15977413961300488
2019-07-31,2019-07-31,2019-08-31,Bull,Crisis,Random_Forest,Neutral,0.32629122130923993,0.41703223070138884,0.25667654798937145
2019-07-31,2019-07-31,2019-08-31,Bull,Crisis,Hist_Gradient_Boosting,Neutral,0.48723273536539646,0.5050033332137382,0.007763931420865314
2019-07-31,2019-07-31,2019-08-31,Bull,Crisis,Gaussian_NB,Crisis,0.0031070391439386104,0.023782573518564627,0.9731103873374963
2019-08-31,2019-08-30,2019-09-30,Crisis,Neutral,Persistence,Crisis,0.0,0.0,1.0
2019-08-31,2019-08-30,2019-09-30,Crisis,Neutral,Logistic_Regression,Neutral,0.12005494700805212,0.5005256417208909,0.37941941127105694
2019-08-31,2019-08-30,2019-09-30,Crisis,Neutral,Random_Forest,Crisis,0.23700749999182327,0.3127943163239766,0.4501981836842002
2019-08-31,2019-08-30,2019-09-30,Crisis,Neutral,Hist_Gradient_Boosting,Neutral,0.3004675770765132,0.4373993907098729,0.2621330322136139
2019-08-31,2019-08-30,2019-09-30,Crisis,Neutral,Gaussian_NB,Crisis,0.0003120233239245205,0.003199138884607106,0.9964888377914696
2019-09-30,2019-09-30,2019-10-31,Neutral,Bull,Persistence,Neutral,0.0,1.0,0.0
2019-09-30,2019-09-30,2019-10-31,Neutral,Bull,Logistic_Regression,Neutral,0.08111578005730878,0.8281486613627274,0.09073555857996382
2019-09-30,2019-09-30,2019-10-31,Neutral,Bull,Random_Forest,Neutral,0.31013319691477964,0.3875626383695944,0.3023041647156256
2019-09-30,2019-09-30,2019-10-31,Neutral,Bull,Hist_Gradient_Boosting,Neutral,0.09346420307230617,0.8700386297118313,0.03649716721586244
2019-09-30,2019-09-30,2019-10-31,Neutral,Bull,Gaussian_NB,Neutral,0.033393355136781155,0.9396521545010514,0.026954490362166465
2019-10-31,2019-10-31,2019-11-30,Bull,Neutral,Persistence,Bull,1.0,0.0,0.0
2019-10-31,2019-10-31,2019-11-30,Bull,Neutral,Logistic_Regression,Neutral,0.2209153306478151,0.627054225432089,0.15203044392009588
2019-10-31,2019-10-31,2019-11-30,Bull,Neutral,Random_Forest,Crisis,0.28413602409015304,0.30863929723524575,0.40722467867460155
2019-10-31,2019-10-31,2019-11-30,Bull,Neutral,Hist_Gradient_Boosting,Neutral,0.14699779552149167,0.5515021596869045,0.30150004479160375
2019-10-31,2019-10-31,2019-11-30,Bull,Neutral,Gaussian_NB,Crisis,0.01298188611949628,0.07698205487111487,0.9100360590093897
2019-11-30,2019-11-29,2019-12-31,Neutral,Neutral,Persistence,Neutral,0.0,1.0,0.0
2019-11-30,2019-11-29,2019-12-31,Neutral,Neutral,Logistic_Regression,Neutral,0.16884856314679342,0.6141839846203813,0.2169674522328253
2019-11-30,2019-11-29,2019-12-31,Neutral,Neutral,Random_Forest,Neutral,0.2567199335447546,0.38169084106579737,0.36158922538944754
2019-11-30,2019-11-29,2019-12-31,Neutral,Neutral,Hist_Gradient_Boosting,Neutral,0.06984739425144433,0.8381197716941191,0.09203283405443662
2019-11-30,2019-11-29,2019-12-31,Neutral,Neutral,Gaussian_NB,Crisis,0.0021194015351066724,0.03365881930731381,0.9642217791575788
2019-12-31,2019-12-31,2020-01-31,Neutral,Bull,Persistence,Neutral,0.0,1.0,0.0
2019-12-31,2019-12-31,2020-01-31,Neutral,Bull,Logistic_Regression,Neutral,0.17061748458632417,0.5789138701585053,0.25046864525517065
2019-12-31,2019-12-31,2020-01-31,Neutral,Bull,Random_Forest,Neutral,0.20967005887834722,0.4758362658732171,0.31449367524843536
2019-12-31,2019-12-31,2020-01-31,Neutral,Bull,Hist_Gradient_Boosting,Neutral,0.10044439640860856,0.8586115464483632,0.040944057143028255
2019-12-31,2019-12-31,2020-01-31,Neutral,Bull,Gaussian_NB,Crisis,0.02579799974536623,0.42887630901678864,0.5453256912378468
2020-01-31,2020-01-31,2020-02-29,Bull,Crisis,Persistence,Bull,1.0,0.0,0.0
2020-01-31,2020-01-31,2020-02-29,Bull,Crisis,Logistic_Regression,Crisis,0.20670478022002955,0.21841511459719593,0.5748801051827745
2020-01-31,2020-01-31,2020-02-29,Bull,Crisis,Random_Forest,Bull,0.3926750254362192,0.3629798142113477,0.24434516035243342
2020-01-31,2020-01-31,2020-02-29,Bull,Crisis,Hist_Gradient_Boosting,Bull,0.8715019445506204,0.1201377448517818,0.008360310597598038
2020-01-31,2020-01-31,2020-02-29,Bull,Crisis,Gaussian_NB,Neutral,0.2528935404813634,0.6053129487169595,0.14179351080167582
2020-02-29,2020-02-28,2020-03-31,Crisis,Crisis,Persistence,Crisis,0.0,0.0,1.0
2020-02-29,2020-02-28,2020-03-31,Crisis,Crisis,Logistic_Regression,Crisis,0.16471591878664318,0.3496278631392873,0.4856562180740695
2020-02-29,2020-02-28,2020-03-31,Crisis,Crisis,Random_Forest,Crisis,0.2668121027258577,0.249959069617821,0.48322882765632136
2020-02-29,2020-02-28,2020-03-31,Crisis,Crisis,Hist_Gradient_Boosting,Crisis,0.23206326294932123,0.06090467302695985,0.707032064023719
2020-02-29,2020-02-28,2020-03-31,Crisis,Crisis,Gaussian_NB,Crisis,0.00641405659329829,0.03342736959754647,0.9601585738091565
2020-03-31,2020-03-31,2020-04-30,Crisis,Crisis,Persistence,Crisis,0.0,0.0,1.0
2020-03-31,2020-03-31,2020-04-30,Crisis,Crisis,Logistic_Regression,Crisis,0.14171585613252713,0.15816351781950722,0.7001206260479658
2020-03-31,2020-03-31,2020-04-30,Crisis,Crisis,Random_Forest,Crisis,0.2135887776794735,0.23444675742887947,0.5519644648916473
2020-03-31,2020-03-31,2020-04-30,Crisis,Crisis,Hist_Gradient_Boosting,Crisis,0.1077835906322585,0.008964857378246299,0.8832515519894953
2020-03-31,2020-03-31,2020-04-30,Crisis,Crisis,Gaussian_NB,Crisis,0.005062406673855792,0.0221654203076484,0.9727721730184951
2020-04-30,2020-04-30,2020-05-31,Crisis,Crisis,Persistence,Crisis,0.0,0.0,1.0
2020-04-30,2020-04-30,2020-05-31,Crisis,Crisis,Logistic_Regression,Neutral,0.07414858161877032,0.6943589556817611,0.23149246269946855
2020-04-30,2020-04-30,2020-05-31,Crisis,Crisis,Random_Forest,Neutral,0.42527960902262574,0.43352054202868745,0.14119984894868673
2020-04-30,2020-04-30,2020-05-31,Crisis,Crisis,Hist_Gradient_Boosting,Bull,0.5735120835912725,0.3791429112290999,0.04734500517962757
2020-04-30,2020-04-30,2020-05-31,Crisis,Crisis,Gaussian_NB,Bull,0.9987577666699748,0.0012422330583414705,2.716862584835369e-10
2020-05-31,2020-05-29,2020-06-30,Crisis,Crisis,Persistence,Crisis,0.0,0.0,1.0
2020-05-31,2020-05-29,2020-06-30,Crisis,Crisis,Logistic_Regression,Crisis,1.7098029201792335e-19,7.762026810866696e-17,1.0
2020-05-31,2020-05-29,2020-06-30,Crisis,Crisis,Random_Forest,Neutral,0.3509889347305169,0.38145695255775613,0.26755411271172713
2020-05-31,2020-05-29,2020-06-30,Crisis,Crisis,Hist_Gradient_Boosting,Bull,0.5667546093256067,0.051618291785845476,0.38162709888854784
2020-05-31,2020-05-29,2020-06-30,Crisis,Crisis,Gaussian_NB,Crisis,0.0,0.0,1.0
2020-06-30,2020-06-30,2020-07-31,Crisis,Bull,Persistence,Crisis,0.0,0.0,1.0
2020-06-30,2020-06-30,2020-07-31,Crisis,Bull,Logistic_Regression,Crisis,0.00018067867264663678,0.024307318901421095,0.9755120024259323
2020-06-30,2020-06-30,2020-07-31,Crisis,Bull,Random_Forest,Crisis,0.1932700122399471,0.2005883605668791,0.6061416271931734
2020-06-30,2020-06-30,2020-07-31,Crisis,Bull,Hist_Gradient_Boosting,Crisis,0.059548325526782214,0.006348706718670649,0.9341029677545472
2020-06-30,2020-06-30,2020-07-31,Crisis,Bull,Gaussian_NB,Crisis,0.0,0.0,1.0
2020-07-31,2020-07-31,2020-08-31,Bull,Neutral,Persistence,Bull,1.0,0.0,0.0
2020-07-31,2020-07-31,2020-08-31,Bull,Neutral,Logistic_Regression,Bull,0.6296957921076862,0.05077557045603589,0.3195286374362779
2020-07-31,2020-07-31,2020-08-31,Bull,Neutral,Random_Forest,Crisis,0.33230336823262235,0.2007246748038114,0.4669719569635667
2020-07-31,2020-07-31,2020-08-31,Bull,Neutral,Hist_Gradient_Boosting,Crisis,0.28650601616941057,0.024439350252302827,0.6890546335782867
2020-07-31,2020-07-31,2020-08-31,Bull,Neutral,Gaussian_NB,Crisis,3.98708555296992e-05,0.0,0.99996012914447
2020-08-31,2020-08-31,2020-09-30,Neutral,Crisis,Persistence,Neutral,0.0,1.0,0.0
2020-08-31,2020-08-31,2020-09-30,Neutral,Crisis,Logistic_Regression,Neutral,0.4220805248165687,0.5767915218536335,0.0011279533297978378
2020-08-31,2020-08-31,2020-09-30,Neutral,Crisis,Random_Forest,Bull,0.3440952062336799,0.33114349222314415,0.3247613015431758
2020-08-31,2020-08-31,2020-09-30,Neutral,Crisis,Hist_Gradient_Boosting,Crisis,0.20377285454763006,0.032579227345791384,0.7636479181065786
2020-08-31,2020-08-31,2020-09-30,Neutral,Crisis,Gaussian_NB,Crisis,0.024969117305808308,7.751462442340764e-11,0.9750308826166755
2020-09-30,2020-09-30,2020-10-31,Crisis,Crisis,Persistence,Crisis,0.0,0.0,1.0
2020-09-30,2020-09-30,2020-10-31,Crisis,Crisis,Logistic_Regression,Crisis,0.10039372520621562,0.274677829524922,0.6249284452688624
2020-09-30,2020-09-30,2020-10-31,Crisis,Crisis,Random_Forest,Crisis,0.2502317371132938,0.25174261898259886,0.49802564390410714
2020-09-30,2020-09-30,2020-10-31,Crisis,Crisis,Hist_Gradient_Boosting,Bull,0.5196884878750757,0.3065395764859658,0.1737719356389586
2020-09-30,2020-09-30,2020-10-31,Crisis,Crisis,Gaussian_NB,Crisis,0.003988683923872927,3.2458685915682775e-10,0.9960113157515392
2020-10-31,2020-10-30,2020-11-30,Crisis,Bull,Persistence,Crisis,0.0,0.0,1.0
2020-10-31,2020-10-30,2020-11-30,Crisis,Bull,Logistic_Regression,Crisis,0.02625826197915963,0.031093012258547718,0.9426487257622926
2020-10-31,2020-10-30,2020-11-30,Crisis,Bull,Random_Forest,Crisis,0.18268382471653105,0.1591739905833052,0.6581421847001636
2020-10-31,2020-10-30,2020-11-30,Crisis,Bull,Hist_Gradient_Boosting,Crisis,0.06153856310442066,0.0036931097627585173,0.9347683271328209
2020-10-31,2020-10-30,2020-11-30,Crisis,Bull,Gaussian_NB,Crisis,0.008935030176090014,2.141891483688305e-07,0.9910647556347607
2020-11-30,2020-11-30,2020-12-31,Bull,Neutral,Persistence,Bull,1.0,0.0,0.0
2020-11-30,2020-11-30,2020-12-31,Bull,Neutral,Logistic_Regression,Crisis,0.28535917183605136,0.04030193104579651,0.6743388971181521
2020-11-30,2020-11-30,2020-12-31,Bull,Neutral,Random_Forest,Crisis,0.42310721576083926,0.11193038292648143,0.4649624013126796
2020-11-30,2020-11-30,2020-12-31,Bull,Neutral,Hist_Gradient_Boosting,Bull,0.9231654256710722,0.006001341788314839,0.07083323254061288
2020-11-30,2020-11-30,2020-12-31,Bull,Neutral,Gaussian_NB,Crisis,0.17203224436912154,1.716426035957353e-06,0.8279660392048434
2020-12-31,2020-12-31,2021-01-31,Neutral,Bull,Persistence,Neutral,0.0,1.0,0.0
2020-12-31,2020-12-31,2021-01-31,Neutral,Bull,Logistic_Regression,Bull,0.45079850092237383,0.25300141928353265,0.29620007979409346
2020-12-31,2020-12-31,2021-01-31,Neutral,Bull,Random_Forest,Bull,0.3667211672562751,0.28062429894822133,0.3526545337955037
2020-12-31,2020-12-31,2021-01-31,Neutral,Bull,Hist_Gradient_Boosting,Neutral,0.3509274621442535,0.5886817829207402,0.060390754935006126
2020-12-31,2020-12-31,2021-01-31,Neutral,Bull,Gaussian_NB,Crisis,0.38171867983276137,0.01205128570500241,0.606230034462237
2021-01-31,2021-01-29,2021-02-28,Bull,Bull,Persistence,Bull,1.0,0.0,0.0
2021-01-31,2021-01-29,2021-02-28,Bull,Bull,Logistic_Regression,Bull,0.51016740270509,0.220999696987635,0.2688329003072749
2021-01-31,2021-01-29,2021-02-28,Bull,Bull,Random_Forest,Bull,0.4006867299336014,0.29385401734206973,0.3054592527243288
2021-01-31,2021-01-29,2021-02-28,Bull,Bull,Hist_Gradient_Boosting,Neutral,0.02889515364458033,0.6601650056472484,0.3109398407081713
2021-01-31,2021-01-29,2021-02-28,Bull,Bull,Gaussian_NB,Bull,0.691428164621664,0.024604710581221382,0.2839671247971144
2021-02-28,2021-02-26,2021-03-31,Bull,Bull,Persistence,Bull,1.0,0.0,0.0
2021-02-28,2021-02-26,2021-03-31,Bull,Bull,Logistic_Regression,Bull,0.6806556798522346,0.18049969223243775,0.1388446279153276
2021-02-28,2021-02-26,2021-03-31,Bull,Bull,Random_Forest,Bull,0.48100418781763543,0.33164778694993424,0.18734802523243052
2021-02-28,2021-02-26,2021-03-31,Bull,Bull,Hist_Gradient_Boosting,Bull,0.6704302521749864,0.32793112767743854,0.001638620147575123
2021-02-28,2021-02-26,2021-03-31,Bull,Bull,Gaussian_NB,Bull,0.8530035128910102,0.027113881556859783,0.11988260555213098
2021-03-31,2021-03-31,2021-04-30,Bull,Neutral,Persistence,Bull,1.0,0.0,0.0
2021-03-31,2021-03-31,2021-04-30,Bull,Neutral,Logistic_Regression,Bull,0.6151506968200958,0.3375878961943775,0.04726140698552669
2021-03-31,2021-03-31,2021-04-30,Bull,Neutral,Random_Forest,Bull,0.47360943743526007,0.3430216111629059,0.18336895140183407
2021-03-31,2021-03-31,2021-04-30,Bull,Neutral,Hist_Gradient_Boosting,Bull,0.6975025176569801,0.3017493039100651,0.0007481784329548558
2021-03-31,2021-03-31,2021-04-30,Bull,Neutral,Gaussian_NB,Bull,0.8351753774265809,0.008015054187068688,0.1568095683863497
2021-04-30,2021-04-30,2021-05-31,Neutral,Bull,Persistence,Neutral,0.0,1.0,0.0
2021-04-30,2021-04-30,2021-05-31,Neutral,Bull,Logistic_Regression,Bull,0.5524980640871342,0.07496491968557356,0.3725370162272923
2021-04-30,2021-04-30,2021-05-31,Neutral,Bull,Random_Forest,Bull,0.5405236648411034,0.3623893995386224,0.09708693562027423
2021-04-30,2021-04-30,2021-05-31,Neutral,Bull,Hist_Gradient_Boosting,Bull,0.9952549369971745,0.003000099087100652,0.0017449639157248377
2021-04-30,2021-04-30,2021-05-31,Neutral,Bull,Gaussian_NB,Bull,0.819394580562423,0.11735824635010808,0.06324717308746977
2021-05-31,2021-05-28,2021-06-30,Bull,Neutral,Persistence,Bull,1.0,0.0,0.0
2021-05-31,2021-05-28,2021-06-30,Bull,Neutral,Logistic_Regression,Bull,0.7796798757178368,0.20202163156496292,0.01829849271720019
2021-05-31,2021-05-28,2021-06-30,Bull,Neutral,Random_Forest,Bull,0.660719872973602,0.29730047229884127,0.041979654727556714
2021-05-31,2021-05-28,2021-06-30,Bull,Neutral,Hist_Gradient_Boosting,Bull,0.9929823872018593,0.006457343098206014,0.0005602696999348422
2021-05-31,2021-05-28,2021-06-30,Bull,Neutral,Gaussian_NB,Crisis,0.016985961141263096,1.0114833157825346e-10,0.9830140387575865
2021-06-30,2021-06-30,2021-07-31,Neutral,Neutral,Persistence,Neutral,0.0,1.0,0.0
2021-06-30,2021-06-30,2021-07-31,Neutral,Neutral,Logistic_Regression,Neutral,0.3073522048252351,0.6734304213941056,0.019217373780659314
2021-06-30,2021-06-30,2021-07-31,Neutral,Neutral,Random_Forest,Bull,0.5860539644949079,0.3816183228257468,0.03232771267934541
2021-06-30,2021-06-30,2021-07-31,Neutral,Neutral,Hist_Gradient_Boosting,Neutral,0.23647374949673466,0.7606799976256153,0.002846252877650087
2021-06-30,2021-06-30,2021-07-31,Neutral,Neutral,Gaussian_NB,Crisis,0.036943018592048966,0.003377647750696268,0.9596793336572548
2021-07-31,2021-07-30,2021-08-31,Neutral,Neutral,Persistence,Neutral,0.0,1.0,0.0
2021-07-31,2021-07-30,2021-08-31,Neutral,Neutral,Logistic_Regression,Neutral,0.0780944557983137,0.8422114889584782,0.07969405524320813
2021-07-31,2021-07-30,2021-08-31,Neutral,Neutral,Random_Forest,Neutral,0.4575147203737452,0.4952438606656586,0.04724141896059597
2021-07-31,2021-07-30,2021-08-31,Neutral,Neutral,Hist_Gradient_Boosting,Neutral,0.14772406855267534,0.8414830576411231,0.010792873806201553
2021-07-31,2021-07-30,2021-08-31,Neutral,Neutral,Gaussian_NB,Neutral,0.009748704436633974,0.9794141814388605,0.010837114124505326
2021-08-31,2021-08-31,2021-09-30,Neutral,Bull,Persistence,Neutral,0.0,1.0,0.0
2021-08-31,2021-08-31,2021-09-30,Neutral,Bull,Logistic_Regression,Neutral,0.025599881017706324,0.9595645579896964,0.014835560992597328
2021-08-31,2021-08-31,2021-09-30,Neutral,Bull,Random_Forest,Neutral,0.38963799327664195,0.5534581248842556,0.05690388183910217
2021-08-31,2021-08-31,2021-09-30,Neutral,Bull,Hist_Gradient_Boosting,Neutral,0.008647743599765443,0.9910197043196027,0.00033255208063181374
2021-08-31,2021-08-31,2021-09-30,Neutral,Bull,Gaussian_NB,Neutral,0.0007283451762228326,0.9988517862688707,0.00041986855490492973
2021-09-30,2021-09-30,2021-10-31,Bull,Bull,Persistence,Bull,1.0,0.0,0.0
2021-09-30,2021-09-30,2021-10-31,Bull,Bull,Logistic_Regression,Neutral,0.3670956168798293,0.6237141718765945,0.009190211243576128
2021-09-30,2021-09-30,2021-10-31,Bull,Bull,Random_Forest,Bull,0.46780399430006114,0.4362345980071282,0.09596140769281068
2021-09-30,2021-09-30,2021-10-31,Bull,Bull,Hist_Gradient_Boosting,Bull,0.7168652476337183,0.28235601741987043,0.0007787349464113354
2021-09-30,2021-09-30,2021-10-31,Bull,Bull,Gaussian_NB,Neutral,0.37217757060706586,0.6263946183966277,0.0014278109963049663
2021-10-31,2021-10-29,2021-11-30,Bull,Bull,Persistence,Bull,1.0,0.0,0.0
2021-10-31,2021-10-29,2021-11-30,Bull,Bull,Logistic_Regression,Bull,0.6107832007707222,0.37957869000432826,0.00963810922494952
2021-10-31,2021-10-29,2021-11-30,Bull,Bull,Random_Forest,Bull,0.5195409253637142,0.420870544200325,0.05958853043596058
2021-10-31,2021-10-29,2021-11-30,Bull,Bull,Hist_Gradient_Boosting,Bull,0.7143839957094028,0.2843491254174877,0.0012668788731095653
2021-10-31,2021-10-29,2021-11-30,Bull,Bull,Gaussian_NB,Bull,0.8876060926460031,0.11214778766446926,0.00024611968952663473
2021-11-30,2021-11-30,2021-12-31,Bull,Bull,Persistence,Bull,1.0,0.0,0.0
2021-11-30,2021-11-30,2021-12-31,Bull,Bull,Logistic_Regression,Bull,0.7495453944320208,0.2441545073510681,0.0063000982169111475
2021-11-30,2021-11-30,2021-12-31,Bull,Bull,Random_Forest,Bull,0.6287998186262392,0.33026230762432307,0.040937873749438046
2021-11-30,2021-11-30,2021-12-31,Bull,Bull,Hist_Gradient_Boosting,Bull,0.733753504783267,0.2658795785111302,0.0003669167056028969
2021-11-30,2021-11-30,2021-12-31,Bull,Bull,Gaussian_NB,Bull,0.9872582026520855,0.012739745461568136,2.051886346520575e-06
2021-12-31,2021-12-31,2022-01-31,Bull,Bull,Persistence,Bull,1.0,0.0,0.0
2021-12-31,2021-12-31,2022-01-31,Bull,Bull,Logistic_Regression,Bull,0.8500114027357042,0.14725987719437342,0.0027287200699224056
2021-12-31,2021-12-31,2022-01-31,Bull,Bull,Random_Forest,Bull,0.7015467352064185,0.2582982894856215,0.0401549753079596
2021-12-31,2021-12-31,2022-01-31,Bull,Bull,Hist_Gradient_Boosting,Bull,0.8190103381052015,0.18024002752176854,0.0007496343730298753
2021-12-31,2021-12-31,2022-01-31,Bull,Bull,Gaussian_NB,Bull,0.9997962727705049,0.0002037218035505243,5.425944642506778e-09
2022-01-31,2022-01-31,2022-02-28,Bull,Crisis,Persistence,Bull,1.0,0.0,0.0
2022-01-31,2022-01-31,2022-02-28,Bull,Crisis,Logistic_Regression,Bull,0.8063185809605496,0.18853336799559173,0.00514805104385864
2022-01-31,2022-01-31,2022-02-28,Bull,Crisis,Random_Forest,Bull,0.7185354765074183,0.23618526407010804,0.04527925942247376
2022-01-31,2022-01-31,2022-02-28,Bull,Crisis,Hist_Gradient_Boosting,Bull,0.8352770043404624,0.16267106296651013,0.0020519326930276047
2022-01-31,2022-01-31,2022-02-28,Bull,Crisis,Gaussian_NB,Bull,0.9999959407729014,4.0591626011173465e-06,6.449590242434425e-11
2022-02-28,2022-02-28,2022-03-31,Crisis,Crisis,Persistence,Crisis,0.0,0.0,1.0
2022-02-28,2022-02-28,2022-03-31,Crisis,Crisis,Logistic_Regression,Bull,0.5717379750374433,0.1175605843509808,0.3107014406115759
2022-02-28,2022-02-28,2022-03-31,Crisis,Crisis,Random_Forest,Bull,0.49927774778951256,0.2589565631387401,0.24176568907174742
2022-02-28,2022-02-28,2022-03-31,Crisis,Crisis,Hist_Gradient_Boosting,Bull,0.5417502979787601,0.05776557316880714,0.4004841288524328
2022-02-28,2022-02-28,2022-03-31,Crisis,Crisis,Gaussian_NB,Bull,0.9946019588011685,2.045763452385428e-06,0.005395995435377481
2022-03-31,2022-03-31,2022-04-30,Crisis,Crisis,Persistence,Crisis,0.0,0.0,1.0
2022-03-31,2022-03-31,2022-04-30,Crisis,Crisis,Logistic_Regression,Bull,0.6015169202191749,0.0455435009463231,0.35293957883450205
2022-03-31,2022-03-31,2022-04-30,Crisis,Crisis,Random_Forest,Bull,0.42052651793497475,0.2059991510703028,0.37347433099472266
2022-03-31,2022-03-31,2022-04-30,Crisis,Crisis,Hist_Gradient_Boosting,Crisis,0.3021680590456562,0.15119076536515186,0.546641175589192
2022-03-31,2022-03-31,2022-04-30,Crisis,Crisis,Gaussian_NB,Bull,0.5152333363509722,3.4214718807058145e-07,0.48476632150184096
2022-04-30,2022-04-29,2022-05-31,Crisis,Crisis,Persistence,Crisis,0.0,0.0,1.0
2022-04-30,2022-04-29,2022-05-31,Crisis,Crisis,Logistic_Regression,Crisis,0.07348917327577975,0.006538153383637706,0.9199726733405825
2022-04-30,2022-04-29,2022-05-31,Crisis,Crisis,Random_Forest,Crisis,0.2821731107686418,0.20701807899365082,0.5108088102377074
2022-04-30,2022-04-29,2022-05-31,Crisis,Crisis,Hist_Gradient_Boosting,Crisis,0.38090763373091857,0.06534421001598993,0.5537481562530916
2022-04-30,2022-04-29,2022-05-31,Crisis,Crisis,Gaussian_NB,Crisis,0.012074034910276981,3.878425321709816e-11,0.9879259650509372
2022-05-31,2022-05-31,2022-06-30,Crisis,Crisis,Persistence,Crisis,0.0,0.0,1.0
2022-05-31,2022-05-31,2022-06-30,Crisis,Crisis,Logistic_Regression,Crisis,0.03807010009070008,0.0034523576396963953,0.9584775422696035
2022-05-31,2022-05-31,2022-06-30,Crisis,Crisis,Random_Forest,Crisis,0.19407961710270807,0.13814228890508068,0.6677780939922111
2022-05-31,2022-05-31,2022-06-30,Crisis,Crisis,Hist_Gradient_Boosting,Crisis,0.16191357295164885,0.013296762290011067,0.8247896647583401
2022-05-31,2022-05-31,2022-06-30,Crisis,Crisis,Gaussian_NB,Crisis,0.013320576250019067,2.621522167054027e-09,0.98667942112846
2022-06-30,2022-06-30,2022-07-31,Crisis,Bull,Persistence,Crisis,0.0,0.0,1.0
2022-06-30,2022-06-30,2022-07-31,Crisis,Bull,Logistic_Regression,Crisis,0.02531527126548142,0.0022640815199729113,0.9724206472145457
2022-06-30,2022-06-30,2022-07-31,Crisis,Bull,Random_Forest,Crisis,0.1428909688225244,0.1281007972837252,0.7290082338937504
2022-06-30,2022-06-30,2022-07-31,Crisis,Bull,Hist_Gradient_Boosting,Crisis,0.10312997731616415,0.00627813538719718,0.8905918872966386
2022-06-30,2022-06-30,2022-07-31,Crisis,Bull,Gaussian_NB,Crisis,0.00024001330374433214,3.6225370203277122e-12,0.9997599866926337
2022-07-31,2022-07-29,2022-08-31,Bull,Crisis,Persistence,Bull,1.0,0.0,0.0
2022-07-31,2022-07-29,2022-08-31,Bull,Crisis,Logistic_Regression,Crisis,0.08109433400861335,0.002102543909580708,0.9168031220818059
2022-07-31,2022-07-29,2022-08-31,Bull,Crisis,Random_Forest,Crisis,0.30367913497131777,0.131257183227574,0.5650636818011082
2022-07-31,2022-07-29,2022-08-31,Bull,Crisis,Hist_Gradient_Boosting,Bull,0.707420116250351,0.07370136099985194,0.2188785227497972
2022-07-31,2022-07-29,2022-08-31,Bull,Crisis,Gaussian_NB,Crisis,0.000672121478991017,1.3542363873688092e-15,0.999327878521009
2022-08-31,2022-08-31,2022-09-30,Crisis,Crisis,Persistence,Crisis,0.0,0.0,1.0
2022-08-31,2022-08-31,2022-09-30,Crisis,Crisis,Logistic_Regression,Crisis,0.06851515614046721,0.0031632859815153404,0.9283215578780176
2022-08-31,2022-08-31,2022-09-30,Crisis,Crisis,Random_Forest,Crisis,0.22825616841591206,0.09613878950792606,0.6756050420761621
2022-08-31,2022-08-31,2022-09-30,Crisis,Crisis,Hist_Gradient_Boosting,Crisis,0.35490962877728904,0.003003677524095362,0.6420866936986155
2022-08-31,2022-08-31,2022-09-30,Crisis,Crisis,Gaussian_NB,Crisis,7.961761436364616e-05,6.278547476778588e-15,0.9999203823856295
2022-09-30,2022-09-30,2022-10-31,Crisis,Crisis,Persistence,Crisis,0.0,0.0,1.0
2022-09-30,2022-09-30,2022-10-31,Crisis,Crisis,Logistic_Regression,Crisis,0.2297822954744209,0.020524913911410543,0.7496927906141686
2022-09-30,2022-09-30,2022-10-31,Crisis,Crisis,Random_Forest,Crisis,0.17478057461418608,0.12283412435972826,0.7023853010260857
2022-09-30,2022-09-30,2022-10-31,Crisis,Crisis,Hist_Gradient_Boosting,Crisis,0.007912259040774939,0.00713988972795664,0.9849478512312683
2022-09-30,2022-09-30,2022-10-31,Crisis,Crisis,Gaussian_NB,Crisis,0.0006638640901308931,4.545444080522919e-11,0.9993361358644138
2022-10-31,2022-10-31,2022-11-30,Crisis,Crisis,Persistence,Crisis,0.0,0.0,1.0
2022-10-31,2022-10-31,2022-11-30,Crisis,Crisis,Logistic_Regression,Bull,0.5240605344446514,0.041890644939699684,0.43404882061564887
2022-10-31,2022-10-31,2022-11-30,Crisis,Crisis,Random_Forest,Crisis,0.17337442449130686,0.14150583941688366,0.6851197360918092
2022-10-31,2022-10-31,2022-11-30,Crisis,Crisis,Hist_Gradient_Boosting,Crisis,0.021144003067527433,0.009780725859185595,0.9690752710732871
2022-10-31,2022-10-31,2022-11-30,Crisis,Crisis,Gaussian_NB,Crisis,0.0006077737870387396,9.198318851522686e-11,0.9993922261209791
2022-11-30,2022-11-30,2022-12-31,Crisis,Crisis,Persistence,Crisis,0.0,0.0,1.0
2022-11-30,2022-11-30,2022-12-31,Crisis,Crisis,Logistic_Regression,Crisis,0.047991209701527406,0.008849823186552655,0.9431589671119199
2022-11-30,2022-11-30,2022-12-31,Crisis,Crisis,Random_Forest,Crisis,0.11307928159639005,0.09884533263842715,0.7880753857651829
2022-11-30,2022-11-30,2022-12-31,Crisis,Crisis,Hist_Gradient_Boosting,Crisis,0.006800211970365507,0.0013586507046651024,0.9918411373249693
2022-11-30,2022-11-30,2022-12-31,Crisis,Crisis,Gaussian_NB,Crisis,0.00010212581251366232,1.4538705232844249e-10,0.9998978740420992
2022-12-31,2022-12-30,2023-01-31,Crisis,Bull,Persistence,Crisis,0.0,0.0,1.0
2022-12-31,2022-12-30,2023-01-31,Crisis,Bull,Logistic_Regression,Crisis,0.020163187332347336,0.005086721037722445,0.9747500916299302
2022-12-31,2022-12-30,2023-01-31,Crisis,Bull,Random_Forest,Crisis,0.09166223903231634,0.09891129419112465,0.8094264667765589
2022-12-31,2022-12-30,2023-01-31,Crisis,Bull,Hist_Gradient_Boosting,Crisis,0.004096629005716233,0.0004614158456481145,0.9954419551486356
2022-12-31,2022-12-30,2023-01-31,Crisis,Bull,Gaussian_NB,Crisis,1.964834153939153e-06,4.847159262326401e-11,0.9999980351173731
2023-01-31,2023-01-31,2023-02-28,Bull,Bull,Persistence,Bull,1.0,0.0,0.0
2023-01-31,2023-01-31,2023-02-28,Bull,Bull,Logistic_Regression,Crisis,0.20690444476560826,0.03631036538176433,0.7567851898526275
2023-01-31,2023-01-31,2023-02-28,Bull,Bull,Random_Forest,Crisis,0.2926910586887407,0.13812948475434872,0.5691794565569106
2023-01-31,2023-01-31,2023-02-28,Bull,Bull,Hist_Gradient_Boosting,Crisis,0.07659211305587187,0.0014861228526702594,0.921921764091458
2023-01-31,2023-01-31,2023-02-28,Bull,Bull,Gaussian_NB,Crisis,0.0006068880116861351,3.8248976965828375e-09,0.999393108163415
2023-02-28,2023-02-28,2023-03-31,Bull,Neutral,Persistence,Bull,1.0,0.0,0.0
2023-02-28,2023-02-28,2023-03-31,Bull,Neutral,Logistic_Regression,Crisis,0.3681488288621924,0.06552466857803642,0.5663265025597712
2023-02-28,2023-02-28,2023-03-31,Bull,Neutral,Random_Forest,Bull,0.4426418070275293,0.12952430686748226,0.4278338861049879
2023-02-28,2023-02-28,2023-03-31,Bull,Neutral,Hist_Gradient_Boosting,Crisis,0.3177432063652765,0.0008762374813224863,0.681380556153401
2023-02-28,2023-02-28,2023-03-31,Bull,Neutral,Gaussian_NB,Crisis,0.09135578247058043,1.7695488019531436e-08,0.9086441998339317
2023-03-31,2023-03-31,2023-04-30,Neutral,Bull,Persistence,Neutral,0.0,1.0,0.0
2023-03-31,2023-03-31,2023-04-30,Neutral,Bull,Logistic_Regression,Crisis,0.287017276200697,0.3563605364361207,0.3566221873631822
2023-03-31,2023-03-31,2023-04-30,Neutral,Bull,Random_Forest,Bull,0.42864498674631213,0.2524891846273237,0.318865828626364
2023-03-31,2023-03-31,2023-04-30,Neutral,Bull,Hist_Gradient_Boosting,Crisis,0.35478268826174053,0.25548567389802473,0.3897316378402346
2023-03-31,2023-03-31,2023-04-30,Neutral,Bull,Gaussian_NB,Crisis,0.1519246565545976,0.00025573759087745734,0.8478196058545265
2023-04-30,2023-04-28,2023-05-31,Bull,Bull,Persistence,Bull,1.0,0.0,0.0
2023-04-30,2023-04-28,2023-05-31,Bull,Bull,Logistic_Regression,Bull,0.5267523151727153,0.21015975428505346,0.26308793054223134
2023-04-30,2023-04-28,2023-05-31,Bull,Bull,Random_Forest,Bull,0.550716541800237,0.21901845417091662,0.23026500402884634
2023-04-30,2023-04-28,2023-05-31,Bull,Bull,Hist_Gradient_Boosting,Bull,0.8432705631349412,0.07197080475864091,0.08475863210641792
2023-04-30,2023-04-28,2023-05-31,Bull,Bull,Gaussian_NB,Bull,0.7325229591576021,0.00025867296683728676,0.26721836787556125
2023-05-31,2023-05-31,2023-06-30,Bull,Neutral,Persistence,Bull,1.0,0.0,0.0
2023-05-31,2023-05-31,2023-06-30,Bull,Neutral,Logistic_Regression,Bull,0.6113153918635643,0.2290610622988923,0.15962354583754332
2023-05-31,2023-05-31,2023-06-30,Bull,Neutral,Random_Forest,Bull,0.6071762822831784,0.21955046677091106,0.17327325094591053
2023-05-31,2023-05-31,2023-06-30,Bull,Neutral,Hist_Gradient_Boosting,Bull,0.83024223033235,0.12487325961051078,0.0448845100571392
2023-05-31,2023-05-31,2023-06-30,Bull,Neutral,Gaussian_NB,Bull,0.9871369390756873,2.587538950627026e-05,0.01283718553480629
2023-06-30,2023-06-30,2023-07-31,Neutral,Bull,Persistence,Neutral,0.0,1.0,0.0
2023-06-30,2023-06-30,2023-07-31,Neutral,Bull,Logistic_Regression,Bull,0.5365553686287543,0.2355717878431465,0.22787284352809917
2023-06-30,2023-06-30,2023-07-31,Neutral,Bull,Random_Forest,Bull,0.4493991134035097,0.2670755970325744,0.28352528956391637
2023-06-30,2023-06-30,2023-07-31,Neutral,Bull,Hist_Gradient_Boosting,Bull,0.4662281459111162,0.2105952837934128,0.3231765702954709
2023-06-30,2023-06-30,2023-07-31,Neutral,Bull,Gaussian_NB,Bull,0.9907630530869855,0.0019446513990844464,0.007292295513929828
2023-07-31,2023-07-31,2023-08-31,Bull,Neutral,Persistence,Bull,1.0,0.0,0.0
2023-07-31,2023-07-31,2023-08-31,Bull,Neutral,Logistic_Regression,Bull,0.5799416298575669,0.3574978260449777,0.06256054409745543
2023-07-31,2023-07-31,2023-08-31,Bull,Neutral,Random_Forest,Bull,0.534959257501981,0.27744837768922426,0.18759236480879424
2023-07-31,2023-07-31,2023-08-31,Bull,Neutral,Hist_Gradient_Boosting,Bull,0.9025174044025308,0.05190680615372651,0.045575789443742735
2023-07-31,2023-07-31,2023-08-31,Bull,Neutral,Gaussian_NB,Bull,0.995601316514347,0.0038275472258050202,0.0005711362598471352
2023-08-31,2023-08-31,2023-09-30,Neutral,Neutral,Persistence,Neutral,0.0,1.0,0.0
2023-08-31,2023-08-31,2023-09-30,Neutral,Neutral,Logistic_Regression,Neutral,0.4008517804595076,0.4488492008471151,0.15029901869337728
2023-08-31,2023-08-31,2023-09-30,Neutral,Neutral,Random_Forest,Bull,0.44180823188297774,0.3689759532265656,0.18921581489045697
2023-08-31,2023-08-31,2023-09-30,Neutral,Neutral,Hist_Gradient_Boosting,Crisis,0.23214803168862205,0.35776659215823636,0.41008537615314145
2023-08-31,2023-08-31,2023-09-30,Neutral,Neutral,Gaussian_NB,Bull,0.8995518560485043,0.10017455620531109,0.0002735877461852097
2023-09-30,2023-09-29,2023-10-31,Neutral,Bull,Persistence,Neutral,0.0,1.0,0.0
2023-09-30,2023-09-29,2023-10-31,Neutral,Bull,Logistic_Regression,Neutral,0.335394845479134,0.5819283043548481,0.08267685016601793
2023-09-30,2023-09-29,2023-10-31,Neutral,Bull,Random_Forest,Bull,0.4532893184297708,0.41240417963775894,0.13430650193246982
2023-09-30,2023-09-29,2023-10-31,Neutral,Bull,Hist_Gradient_Boosting,Neutral,0.26737605654797636,0.7004580714260769,0.032165872025946854
2023-09-30,2023-09-29,2023-10-31,Neutral,Bull,Gaussian_NB,Bull,0.7555286338539073,0.24413086035301623,0.00034050579307726543
2023-10-31,2023-10-31,2023-11-30,Bull,Neutral,Persistence,Bull,1.0,0.0,0.0
2023-10-31,2023-10-31,2023-11-30,Bull,Neutral,Logistic_Regression,Bull,0.4968270552939339,0.37394908145780154,0.1292238632482645
2023-10-31,2023-10-31,2023-11-30,Bull,Neutral,Random_Forest,Bull,0.49906581770592373,0.35780434593852006,0.14312983635555673
2023-10-31,2023-10-31,2023-11-30,Bull,Neutral,Hist_Gradient_Boosting,Bull,0.8301461746390494,0.1467787717406505,0.023075053620300257
2023-10-31,2023-10-31,2023-11-30,Bull,Neutral,Gaussian_NB,Bull,0.8922649983346538,0.10755209154444786,0.00018291012089933213
2023-11-30,2023-11-30,2023-12-31,Neutral,Neutral,Persistence,Neutral,0.0,1.0,0.0
2023-11-30,2023-11-30,2023-12-31,Neutral,Neutral,Logistic_Regression,Bull,0.5452759082961621,0.3337455213455978,0.12097857035824008
2023-11-30,2023-11-30,2023-12-31,Neutral,Neutral,Random_Forest,Neutral,0.4404988334577955,0.44250250098338545,0.1169986655588189
2023-11-30,2023-11-30,2023-12-31,Neutral,Neutral,Hist_Gradient_Boosting,Neutral,0.43338331658302975,0.5499381072544193,0.016678576162550984
2023-11-30,2023-11-30,2023-12-31,Neutral,Neutral,Gaussian_NB,Bull,0.8158733142709363,0.18362609811962002,0.0005005876094431799
2023-12-31,2023-12-29,2024-01-31,Neutral,Neutral,Persistence,Neutral,0.0,1.0,0.0
2023-12-31,2023-12-29,2024-01-31,Neutral,Neutral,Logistic_Regression,Bull,0.5306148098739629,0.3898268310405968,0.07955835908544029
2023-12-31,2023-12-29,2024-01-31,Neutral,Neutral,Random_Forest,Neutral,0.42103779877451597,0.43823593419251133,0.14072626703297303
2023-12-31,2023-12-29,2024-01-31,Neutral,Neutral,Hist_Gradient_Boosting,Neutral,0.2928495663333174,0.6568845358624399,0.05026589780424287
2023-12-31,2023-12-29,2024-01-31,Neutral,Neutral,Gaussian_NB,Bull,0.5873768350238826,0.4123997714751825,0.00022339350093661143
2024-01-31,2024-01-31,2024-02-29,Neutral,Bull,Persistence,Neutral,0.0,1.0,0.0
2024-01-31,2024-01-31,2024-02-29,Neutral,Bull,Logistic_Regression,Neutral,0.30998622460087244,0.6316604325614865,0.05835334283764103
2024-01-31,2024-01-31,2024-02-29,Neutral,Bull,Random_Forest,Neutral,0.3198152545595676,0.5168607899331616,0.16332395550727083
2024-01-31,2024-01-31,2024-02-29,Neutral,Bull,Hist_Gradient_Boosting,Neutral,0.4251866750874547,0.5671734741065635,0.007639850805981739
2024-01-31,2024-01-31,2024-02-29,Neutral,Bull,Gaussian_NB,Neutral,0.1344242411372712,0.8655692946919408,6.464170788225308e-06
2024-02-29,2024-02-29,2024-03-31,Bull,Neutral,Persistence,Bull,1.0,0.0,0.0
2024-02-29,2024-02-29,2024-03-31,Bull,Neutral,Logistic_Regression,Neutral,0.21168118673977257,0.7586217943849064,0.029697018875320988
2024-02-29,2024-02-29,2024-03-31,Bull,Neutral,Random_Forest,Neutral,0.37857406562243506,0.4546387949244965,0.16678713945306897
2024-02-29,2024-02-29,2024-03-31,Bull,Neutral,Hist_Gradient_Boosting,Bull,0.4996052105035598,0.4903674540256988,0.010027335470741286
2024-02-29,2024-02-29,2024-03-31,Bull,Neutral,Gaussian_NB,Bull,0.5394094291044442,0.460582793925349,7.776970208103945e-06
2024-03-31,2024-03-28,2024-04-30,Neutral,Bull,Persistence,Neutral,0.0,1.0,0.0
2024-03-31,2024-03-28,2024-04-30,Neutral,Bull,Logistic_Regression,Neutral,0.20580635043194684,0.7684918394703374,0.025701810097715782
2024-03-31,2024-03-28,2024-04-30,Neutral,Bull,Random_Forest,Neutral,0.3417880196779519,0.5174791966691652,0.14073278365288253
2024-03-31,2024-03-28,2024-04-30,Neutral,Bull,Hist_Gradient_Boosting,Neutral,0.10248320228665117,0.8923482198351818,0.005168577878167065
2024-03-31,2024-03-28,2024-04-30,Neutral,Bull,Gaussian_NB,Neutral,0.3616043478535899,0.6383882176166233,7.434529787491044e-06
2024-04-30,2024-04-30,2024-05-31,Bull,Neutral,Persistence,Bull,1.0,0.0,0.0
2024-04-30,2024-04-30,2024-05-31,Bull,Neutral,Logistic_Regression,Neutral,0.2579366249664226,0.698046006840738,0.044017368192839405
2024-04-30,2024-04-30,2024-05-31,Bull,Neutral,Random_Forest,Neutral,0.42259016754657874,0.4570464448430409,0.1203633876103807
2024-04-30,2024-04-30,2024-05-31,Bull,Neutral,Hist_Gradient_Boosting,Neutral,0.46745349461346314,0.5271029630926456,0.00544354229389132
2024-04-30,2024-04-30,2024-05-31,Bull,Neutral,Gaussian_NB,Neutral,0.42345762470094084,0.576536881439778,5.493859280111289e-06
2024-05-31,2024-05-31,2024-06-30,Neutral,Neutral,Persistence,Neutral,0.0,1.0,0.0
2024-05-31,2024-05-31,2024-06-30,Neutral,Neutral,Logistic_Regression,Neutral,0.281295329152981,0.6422706497340079,0.076434021113011
2024-05-31,2024-05-31,2024-06-30,Neutral,Neutral,Random_Forest,Neutral,0.3766638519971014,0.5028908210530658,0.12044532694983287
2024-05-31,2024-05-31,2024-06-30,Neutral,Neutral,Hist_Gradient_Boosting,Neutral,0.18101142182343155,0.8156880097474384,0.0033005684291300247
2024-05-31,2024-05-31,2024-06-30,Neutral,Neutral,Gaussian_NB,Neutral,0.22448292441328485,0.7755090242635215,8.051323194055851e-06
2024-06-30,2024-06-28,2024-07-31,Neutral,Bull,Persistence,Neutral,0.0,1.0,0.0
2024-06-30,2024-06-28,2024-07-31,Neutral,Bull,Logistic_Regression,Neutral,0.313044470415024,0.6759959739821637,0.010959555602812364
2024-06-30,2024-06-28,2024-07-31,Neutral,Bull,Random_Forest,Neutral,0.37810379725504417,0.5025284422282543,0.11936776051670109
2024-06-30,2024-06-28,2024-07-31,Neutral,Bull,Hist_Gradient_Boosting,Bull,0.7910222868904636,0.20767798830141054,0.0012997248081259068
2024-06-30,2024-06-28,2024-07-31,Neutral,Bull,Gaussian_NB,Neutral,0.21137274935307665,0.7886186742044368,8.576442485509844e-06
2024-07-31,2024-07-31,2024-08-31,Bull,Bull,Persistence,Bull,1.0,0.0,0.0
2024-07-31,2024-07-31,2024-08-31,Bull,Bull,Logistic_Regression,Neutral,0.45102054237511696,0.541229037716014,0.007750419908868944
2024-07-31,2024-07-31,2024-08-31,Bull,Bull,Random_Forest,Neutral,0.3947537669462181,0.47419726583243044,0.13104896722135168
2024-07-31,2024-07-31,2024-08-31,Bull,Bull,Hist_Gradient_Boosting,Bull,0.9199685994202699,0.0792982940065632,0.0007331065731670114
2024-07-31,2024-07-31,2024-08-31,Bull,Bull,Gaussian_NB,Neutral,0.46112494628410494,0.5388692317768987,5.821938997537929e-06
2024-08-31,2024-08-30,2024-09-30,Bull,Bull,Persistence,Bull,1.0,0.0,0.0
2024-08-31,2024-08-30,2024-09-30,Bull,Bull,Logistic_Regression,Bull,0.5036566175597867,0.4901392761952923,0.006204106244920908
2024-08-31,2024-08-30,2024-09-30,Bull,Bull,Random_Forest,Bull,0.47364241159189574,0.4169230241064496,0.10943456430165459
2024-08-31,2024-08-30,2024-09-30,Bull,Bull,Hist_Gradient_Boosting,Bull,0.847496583838436,0.149592038709894,0.002911377451670089
2024-08-31,2024-08-30,2024-09-30,Bull,Bull,Gaussian_NB,Bull,0.5809594726752152,0.4190352775194733,5.249805313164268e-06
2024-09-30,2024-09-30,2024-10-31,Bull,Neutral,Persistence,Bull,1.0,0.0,0.0
2024-09-30,2024-09-30,2024-10-31,Bull,Neutral,Logistic_Regression,Bull,0.5171470332238522,0.476093435672604,0.006759531103543764
2024-09-30,2024-09-30,2024-10-31,Bull,Neutral,Random_Forest,Bull,0.4490625381751835,0.4095298953068645,0.14140756651795222
2024-09-30,2024-09-30,2024-10-31,Bull,Neutral,Hist_Gradient_Boosting,Bull,0.6710156920687038,0.27918621001605054,0.049798097915245546
2024-09-30,2024-09-30,2024-10-31,Bull,Neutral,Gaussian_NB,Neutral,0.38020298112168704,0.619796173721856,8.451564575495963e-07
2024-10-31,2024-10-31,2024-11-30,Neutral,Bull,Persistence,Neutral,0.0,1.0,0.0
2024-10-31,2024-10-31,2024-11-30,Neutral,Bull,Logistic_Regression,Neutral,0.4027343803712339,0.5899427264626493,0.0073228931661167345
2024-10-31,2024-10-31,2024-11-30,Neutral,Bull,Random_Forest,Neutral,0.4045043344247984,0.4761961825120514,0.11929948306315036
2024-10-31,2024-10-31,2024-11-30,Neutral,Bull,Hist_Gradient_Boosting,Neutral,0.4463678822018111,0.5493546386397006,0.004277479158488415
2024-10-31,2024-10-31,2024-11-30,Neutral,Bull,Gaussian_NB,Neutral,0.21643241483732747,0.7835661137579918,1.4714046810892901e-06
2024-11-30,2024-11-29,2024-12-31,Bull,Bull,Persistence,Bull,1.0,0.0,0.0
2024-11-30,2024-11-29,2024-12-31,Bull,Bull,Logistic_Regression,Neutral,0.493954417774481,0.4980546363969381,0.007990945828580828
2024-11-30,2024-11-29,2024-12-31,Bull,Bull,Random_Forest,Bull,0.46535354808033014,0.42632035814267766,0.10832609377699173
2024-11-30,2024-11-29,2024-12-31,Bull,Bull,Hist_Gradient_Boosting,Bull,0.5581670825931495,0.4387884836050743,0.0030444338017762422
2024-11-30,2024-11-29,2024-12-31,Bull,Bull,Gaussian_NB,Neutral,0.27322747708138617,0.72675907726995,1.3445648663438626e-05
2024-12-31,2024-12-31,2025-01-31,Bull,Bull,Persistence,Bull,1.0,0.0,0.0
2024-12-31,2024-12-31,2025-01-31,Bull,Bull,Logistic_Regression,Neutral,0.4929091110659192,0.5004737371315076,0.006617151802573122
2024-12-31,2024-12-31,2025-01-31,Bull,Bull,Random_Forest,Bull,0.5225865415468152,0.35097124186054623,0.12644221659263924
2024-12-31,2024-12-31,2025-01-31,Bull,Bull,Hist_Gradient_Boosting,Bull,0.6564285780479171,0.07369880662078578,0.2698726153312971
2024-12-31,2024-12-31,2025-01-31,Bull,Bull,Gaussian_NB,Neutral,0.29523473846525233,0.7047230350355561,4.222649919137344e-05
2025-01-31,2025-01-31,2025-02-28,Bull,Bull,Persistence,Bull,1.0,0.0,0.0
2025-01-31,2025-01-31,2025-02-28,Bull,Bull,Logistic_Regression,Bull,0.5747314536823367,0.4111354219672065,0.01413312435045688
2025-01-31,2025-01-31,2025-02-28,Bull,Bull,Random_Forest,Bull,0.5343861904122168,0.3587095342344332,0.10690427535334998
2025-01-31,2025-01-31,2025-02-28,Bull,Bull,Hist_Gradient_Boosting,Bull,0.9967778443252046,0.0013826370367649114,0.001839518638030698
2025-01-31,2025-01-31,2025-02-28,Bull,Bull,Gaussian_NB,Neutral,0.3651736993689825,0.634743200529389,8.310010162768045e-05
2025-02-28,2025-02-28,2025-03-31,Bull,Crisis,Persistence,Bull,1.0,0.0,0.0
2025-02-28,2025-02-28,2025-03-31,Bull,Crisis,Logistic_Regression,Bull,0.6909644135047444,0.29183668104958405,0.017198905445671674
2025-02-28,2025-02-28,2025-03-31,Bull,Crisis,Random_Forest,Bull,0.5491966074130501,0.3134988585930307,0.13730453399391926
2025-02-28,2025-02-28,2025-03-31,Bull,Crisis,Hist_Gradient_Boosting,Bull,0.8630719420904857,0.004072130062703109,0.1328559278468113
2025-02-28,2025-02-28,2025-03-31,Bull,Crisis,Gaussian_NB,Neutral,0.46499306816670505,0.534771132585077,0.0002357992482188635
2025-03-31,2025-03-31,2025-04-30,Crisis,Crisis,Persistence,Crisis,0.0,0.0,1.0
2025-03-31,2025-03-31,2025-04-30,Crisis,Crisis,Logistic_Regression,Bull,0.7171385362331195,0.24698756218706086,0.03587390157981964
2025-03-31,2025-03-31,2025-04-30,Crisis,Crisis,Random_Forest,Bull,0.4867042327684724,0.2866643490686572,0.22663141816286983
2025-03-31,2025-03-31,2025-04-30,Crisis,Crisis,Hist_Gradient_Boosting,Bull,0.9404727293463138,0.0013619431974431458,0.058165327456242956
2025-03-31,2025-03-31,2025-04-30,Crisis,Crisis,Gaussian_NB,Bull,0.6668156311282164,0.3303216226789905,0.002862746192793831
2025-04-30,2025-04-30,2025-05-31,Crisis,Bull,Persistence,Crisis,0.0,0.0,1.0
2025-04-30,2025-04-30,2025-05-31,Crisis,Bull,Logistic_Regression,Bull,0.7407680941938773,0.16542920585745394,0.09380269994866867
2025-04-30,2025-04-30,2025-05-31,Crisis,Bull,Random_Forest,Bull,0.4365831977804149,0.2414305354610102,0.3219862667585747
2025-04-30,2025-04-30,2025-05-31,Crisis,Bull,Hist_Gradient_Boosting,Crisis,0.1292139683149908,0.05151088138340641,0.8192751503016029
2025-04-30,2025-04-30,2025-05-31,Crisis,Bull,Gaussian_NB,Bull,0.9225458720123891,0.058454840664575805,0.018999287323035314
2025-05-31,2025-05-30,2025-06-30,Bull,Neutral,Persistence,Bull,1.0,0.0,0.0
2025-05-31,2025-05-30,2025-06-30,Bull,Neutral,Logistic_Regression,Bull,0.82740986944304,0.11371810451314637,0.05887202604381373
2025-05-31,2025-05-30,2025-06-30,Bull,Neutral,Random_Forest,Bull,0.49697908187189416,0.22366205628388677,0.27935886184421893
2025-05-31,2025-05-30,2025-06-30,Bull,Neutral,Hist_Gradient_Boosting,Bull,0.8070766842595599,0.02445197574646649,0.16847133999397368
2025-05-31,2025-05-30,2025-06-30,Bull,Neutral,Gaussian_NB,Bull,0.9696927570847163,0.014014883745842626,0.016292359169441533
2025-06-30,2025-06-30,2025-07-31,Neutral,Neutral,Persistence,Neutral,0.0,1.0,0.0
2025-06-30,2025-06-30,2025-07-31,Neutral,Neutral,Logistic_Regression,Bull,0.7491288885362758,0.2083123560114571,0.04255875545226715
2025-06-30,2025-06-30,2025-07-31,Neutral,Neutral,Random_Forest,Bull,0.44968601370176303,0.3280099236707147,0.2223040626275228
2025-06-30,2025-06-30,2025-07-31,Neutral,Neutral,Hist_Gradient_Boosting,Bull,0.6612607005998689,0.15998902682094415,0.178750272579187
2025-06-30,2025-06-30,2025-07-31,Neutral,Neutral,Gaussian_NB,Bull,0.733777783131935,0.25230268366491276,0.01391953320315203
2025-07-31,2025-07-31,2025-08-31,Neutral,Neutral,Persistence,Neutral,0.0,1.0,0.0
2025-07-31,2025-07-31,2025-08-31,Neutral,Neutral,Logistic_Regression,Bull,0.6475278489757363,0.30655049632352555,0.045921654700738015
2025-07-31,2025-07-31,2025-08-31,Neutral,Neutral,Random_Forest,Bull,0.47445011419699923,0.3140805153382933,0.21146937046470793
2025-07-31,2025-07-31,2025-08-31,Neutral,Neutral,Hist_Gradient_Boosting,Bull,0.821884536470745,0.054764976676947276,0.1233504868523077
2025-07-31,2025-07-31,2025-08-31,Neutral,Neutral,Gaussian_NB,Neutral,0.37248821824151884,0.6246084949536949,0.002903286804786687
2025-08-31,2025-08-29,2025-09-30,Neutral,Neutral,Persistence,Neutral,0.0,1.0,0.0
2025-08-31,2025-08-29,2025-09-30,Neutral,Neutral,Logistic_Regression,Bull,0.5939755458276849,0.3733416219732215,0.03268283219909369
2025-08-31,2025-08-29,2025-09-30,Neutral,Neutral,Random_Forest,Bull,0.41997882415021837,0.38886747711261965,0.19115369873716168
2025-08-31,2025-08-29,2025-09-30,Neutral,Neutral,Hist_Gradient_Boosting,Neutral,0.47799203587822003,0.5155132152802065,0.006494748841573399
2025-08-31,2025-08-29,2025-09-30,Neutral,Neutral,Gaussian_NB,Neutral,0.356759669749245,0.6409959199002077,0.0022444103505477016
2025-09-30,2025-09-30,2025-10-31,Neutral,Bull,Persistence,Neutral,0.0,1.0,0.0
2025-09-30,2025-09-30,2025-10-31,Neutral,Bull,Logistic_Regression,Bull,0.5436409623019857,0.4324885843503381,0.023870453347676266
2025-09-30,2025-09-30,2025-10-31,Neutral,Bull,Random_Forest,Neutral,0.38681273450385156,0.4203782632114202,0.1928090022847286
2025-09-30,2025-09-30,2025-10-31,Neutral,Bull,Hist_Gradient_Boosting,Bull,0.7084259694967321,0.1833935823032194,0.10818044820004843
2025-09-30,2025-09-30,2025-10-31,Neutral,Bull,Gaussian_NB,Neutral,0.32850754985374897,0.6682752974263756,0.0032171527198748473
2025-10-31,2025-10-31,2025-11-30,Bull,Neutral,Persistence,Bull,1.0,0.0,0.0
2025-10-31,2025-10-31,2025-11-30,Bull,Neutral,Logistic_Regression,Bull,0.6192317037416261,0.336716164993824,0.044052131264550105
2025-10-31,2025-10-31,2025-11-30,Bull,Neutral,Random_Forest,Bull,0.3943144475603259,0.3422132504799081,0.263472301959766
2025-10-31,2025-10-31,2025-11-30,Bull,Neutral,Hist_Gradient_Boosting,Bull,0.8568450075017315,0.10430345572378193,0.038851536774486446
2025-10-31,2025-10-31,2025-11-30,Bull,Neutral,Gaussian_NB,Neutral,0.4542583325276188,0.5377700594110271,0.007971608061353717
2025-12-31,2025-12-31,2026-01-31,Bull,Bull,Persistence,Bull,1.0,0.0,0.0
2025-12-31,2025-12-31,2026-01-31,Bull,Bull,Logistic_Regression,Bull,0.6103417936524332,0.3674643645956319,0.022193841751934812
2025-12-31,2025-12-31,2026-01-31,Bull,Bull,Random_Forest,Neutral,0.3546658807181663,0.42787189024954775,0.2174622290322863
2025-12-31,2025-12-31,2026-01-31,Bull,Bull,Hist_Gradient_Boosting,Neutral,0.011354789775731206,0.9131649862739354,0.07548022395033352
2025-12-31,2025-12-31,2026-01-31,Bull,Bull,Gaussian_NB,Neutral,0.3139126983001952,0.6750578021289433,0.011029499570860688
2026-01-31,2026-01-30,2026-02-28,Bull,Neutral,Persistence,Bull,1.0,0.0,0.0
2026-01-31,2026-01-30,2026-02-28,Bull,Neutral,Logistic_Regression,Bull,0.6445896041037398,0.3401777025394636,0.015232693356796619
2026-01-31,2026-01-30,2026-02-28,Bull,Neutral,Random_Forest,Bull,0.41780591820178364,0.3734777569563526,0.20871632484186325
2026-01-31,2026-01-30,2026-02-28,Bull,Neutral,Hist_Gradient_Boosting,Crisis,0.16117032350709506,0.10979601738686166,0.7290336591060432
2026-01-31,2026-01-30,2026-02-28,Bull,Neutral,Gaussian_NB,Neutral,0.3372957583905542,0.6536383368281858,0.009065904781260806
