decision_date,decision_month,holding_month,current_state,current_regime,hmm_seed,hmm_score,Bull_count,Neutral_count,Crisis_count,raw_state_mean_return,raw_state_mean_vol,next_regime,next_state
2013-01-31,2013-01-31,2013-02-28,1,Bull,42,-1204.1648538646987,265,331,159,0.0008479137690652799,0.006019566830371173,Neutral,0
2013-02-28,2013-02-28,2013-03-31,0,Neutral,42,-1232.7670381116718,278,337,159,0.000554703844130672,0.009849613087720754,Bull,1
2013-03-28,2013-03-31,2013-04-30,1,Bull,42,-1270.6898546320197,308,319,167,0.0010000777477505317,0.006088383122081255,Neutral,1
2013-04-30,2013-04-30,2013-05-31,1,Neutral,42,-1304.1120105193108,306,306,204,0.000509363344683306,0.009441490121255738,Bull,0
2013-05-31,2013-05-31,2013-06-30,0,Bull,42,-1330.2060613412618,320,314,204,0.0009236595536567546,0.005985533519727111,Neutral,2
2013-06-28,2013-06-30,2013-07-31,2,Neutral,42,-1724.426658055592,115,622,121,0.000748708132344853,0.007556581464543189,Bull,0
2013-07-31,2013-07-31,2013-08-31,0,Bull,42,-1403.952276737851,335,341,204,0.0009040249388498991,0.005975922998972757,Bull,1
2013-08-30,2013-08-31,2013-09-30,1,Bull,42,-1433.9261289216854,352,346,204,0.0006940644331865088,0.005897756399760451,Bull,0
2013-09-30,2013-09-30,2013-10-31,0,Bull,42,-1453.7531727181565,375,343,204,0.0008132279337820581,0.005931104613102206,Bull,1
2013-10-31,2013-10-31,2013-11-30,1,Bull,42,-1495.2533253264482,362,379,204,0.0008188706621226083,0.009389752586864855,Neutral,0
2013-11-29,2013-11-30,2013-12-31,0,Neutral,42,-1515.813861118955,363,398,204,0.0007285370980941449,0.005923927275093679,Neutral,0
2013-12-31,2013-12-31,2014-01-31,0,Neutral,42,-1535.0903994482821,364,418,204,0.0007492049323168004,0.005905606960493957,Neutral,1
2014-01-31,2014-01-31,2014-02-28,1,Neutral,42,-1566.8904398262184,431,372,204,0.0007153490796263888,0.009343804525586507,Bull,1
2014-02-28,2014-02-28,2014-03-31,1,Bull,42,-1597.699934316941,390,432,204,0.0008156986446143349,0.009358308267515991,Neutral,2
2014-03-31,2014-03-31,2014-04-30,2,Neutral,42,-1623.0567440655307,430,453,164,0.000702306294604224,0.005906819573154358,Bull,1
2014-04-30,2014-04-30,2014-05-31,1,Bull,42,-1655.3464634710072,409,455,204,0.00079914467919509,0.00930768965762001,Neutral,0
2014-05-30,2014-05-31,2014-06-30,0,Neutral,42,-1683.0713148710993,415,470,204,0.0007141318706720627,0.005869060186272471,Bull,1
2014-06-30,2014-06-30,2014-07-31,1,Bull,42,-1724.6704343531062,488,418,204,0.0007839464036132325,0.005785514835804676,Neutral,2
2014-07-31,2014-07-31,2014-08-31,2,Neutral,42,-1760.9631700311843,420,510,202,0.0007236021333358034,0.0057322621507981605,Bull,0
2014-08-29,2014-08-31,2014-09-30,0,Bull,42,-1795.4931879721942,532,417,204,0.000764179125079438,0.0057785497389255015,Bull,0
2014-09-30,2014-09-30,2014-10-31,0,Bull,42,-1840.0563807724661,552,418,204,0.0007134956627347673,0.005714395660668621,Neutral,0
2014-10-31,2014-10-31,2014-11-30,0,Neutral,42,-1901.4007558959167,561,472,164,0.0007192465017547306,0.009605906835463269,Bull,2
2014-11-28,2014-11-30,2014-12-31,2,Bull,42,-1935.0719646959628,575,477,164,0.0007384384857328209,0.005726362598286457,Bull,0
2014-12-31,2014-12-31,2015-01-31,0,Bull,42,-1986.2116387188476,486,588,164,0.0008279986511091936,0.00961672199933219,Bull,0
2015-01-30,2015-01-31,2015-02-28,0,Bull,42,-2027.573644155477,474,590,194,0.0007027761337550105,0.009485214896143342,Neutral,0
2015-02-27,2015-02-28,2015-03-31,0,Neutral,42,-2062.140732381295,480,593,204,0.0005848175360211723,0.005714711811511276,Bull,1
2015-03-31,2015-03-31,2015-04-30,1,Bull,42,-2105.6381408815173,491,604,204,0.0008421873505698443,0.009406561786367859,Neutral,0
2015-04-30,2015-04-30,2015-05-31,0,Neutral,42,-2140.52388917338,497,619,204,0.0005358941391332351,0.005734158536049325,Neutral,0
2015-05-29,2015-05-31,2015-06-30,0,Neutral,42,-2171.2195173803843,495,641,204,0.0005258364697235608,0.005766218838113428,Neutral,0
2015-06-30,2015-06-30,2015-07-31,0,Neutral,42,-2199.8320998225945,495,663,204,0.00047743531948816624,0.005774155957285706,Bull,1
2015-07-31,2015-07-31,2015-08-31,1,Bull,42,-2248.64335304962,522,658,204,0.0008360894938524886,0.00932934699103002,Crisis,2
2015-08-31,2015-08-31,2015-09-30,2,Crisis,42,-2279.5010634793475,514,680,211,-0.00016454314972599865,0.017379390608687262,Crisis,2
2015-09-30,2015-09-30,2015-10-31,2,Crisis,42,-2295.0283827005283,514,680,232,-0.00026105760166114574,0.017432575952909264,Bull,1
2015-10-30,2015-10-31,2015-11-30,1,Bull,42,-2349.0174190036764,532,681,235,0.0008720542097998648,0.009390794280717877,Bull,1
2015-11-30,2015-11-30,2015-12-31,1,Bull,42,-2395.7972944374224,560,673,235,0.000833625987602524,0.00930593802783213,Bull,1
2015-12-31,2015-12-31,2016-01-31,1,Bull,42,-2446.2222372393685,575,680,235,0.0007829879650596457,0.009360611681022434,Crisis,2
2016-01-29,2016-01-31,2016-02-29,2,Crisis,42,-2501.9278985776277,577,681,251,-0.00020510049881643949,0.017080538741900568,Crisis,0
2016-02-29,2016-02-29,2016-03-31,0,Crisis,42,-2554.435882963926,579,681,269,-0.00022060292505077334,0.016891042254229154,Neutral,1
2016-03-31,2016-03-31,2016-04-30,1,Neutral,42,-2605.2291127316807,592,686,273,0.00048708253713366476,0.005807514024678083,Neutral,1
2016-04-29,2016-04-30,2016-05-31,1,Neutral,42,-2631.584963184196,591,708,273,0.00046690682910894063,0.0058259463911991185,Neutral,1
2016-05-31,2016-05-31,2016-06-30,1,Neutral,42,-2661.920042953352,591,729,273,0.00047659620154335164,0.005842634355190587,Bull,0
2016-06-30,2016-06-30,2016-07-31,0,Bull,42,-2699.3120924679515,596,747,272,0.0007624399512725632,0.009409054634471338,Neutral,2
2016-07-29,2016-07-31,2016-08-31,2,Neutral,42,-2765.5899447286483,648,762,225,0.000490646055616936,0.005864244280785321,Neutral,0
2016-08-31,2016-08-31,2016-09-30,0,Neutral,42,-2818.044856117773,598,764,296,0.00048279358465568934,0.0057528217378873935,Bull,0
2016-09-30,2016-09-30,2016-10-31,0,Bull,42,-2878.5989998271575,673,781,225,0.0007679858203378065,0.009652564324001566,Neutral,1
2016-10-31,2016-10-31,2016-11-30,1,Neutral,42,-2901.6308787728913,623,781,296,0.0004820141847625955,0.005726231299967939,Neutral,1
2016-11-30,2016-11-30,2016-12-31,1,Neutral,42,-2934.4322662471104,621,804,296,0.0005244055746789101,0.005743613118960912,Neutral,1
2016-12-30,2016-12-31,2017-01-31,1,Neutral,42,-2959.504300596459,624,822,296,0.0005269360773676629,0.005716499868684105,Neutral,0
2017-01-31,2017-01-31,2017-02-28,0,Neutral,42,-2989.2507414187426,625,841,296,0.0005375459203851034,0.005681030159910241,Neutral,1
2017-02-28,2017-02-28,2017-03-31,1,Neutral,42,-3026.3963030194936,626,859,296,0.0005721374065004111,0.0056353776610604854,Neutral,1
2017-03-31,2017-03-31,2017-04-30,1,Neutral,42,-3055.435724973964,635,873,296,0.0005639688743902521,0.005591170003382815,Neutral,0
2017-04-28,2017-04-30,2017-05-31,0,Neutral,42,-3080.8492402361894,646,881,296,0.0005465621877332264,0.005541715969097775,Neutral,1
2017-05-31,2017-05-31,2017-06-30,1,Neutral,42,-3106.3800277903915,653,896,296,0.00054298201716929,0.0055098787659363544,Neutral,1
2017-06-30,2017-06-30,2017-07-31,1,Neutral,42,-3139.4327617672916,655,916,296,0.0005526102040008348,0.005481235910282397,Neutral,1
2017-07-31,2017-07-31,2017-08-31,1,Neutral,42,-3160.5482382555806,656,935,296,0.0005517040632534703,0.005465166986797378,Neutral,0
2017-08-31,2017-08-31,2017-09-30,0,Neutral,42,-3207.366791149721,656,958,296,0.0005414994805836485,0.005443406506722152,Neutral,2
2017-09-29,2017-09-30,2017-10-31,2,Neutral,42,-3236.994918363524,656,978,296,0.0005508236762820241,0.00543018474716408,Neutral,1
2017-10-31,2017-10-31,2017-11-30,1,Neutral,42,-3307.3784115639005,656,1000,296,0.0005619964841028276,0.0053679023151810045,Neutral,0
2017-11-30,2017-11-30,2017-12-31,0,Neutral,42,-3348.173813040034,663,1014,296,0.0006146335031691493,0.005315322973472623,Neutral,1
2017-12-29,2017-12-31,2018-01-31,1,Neutral,42,-3372.202085709646,664,1033,296,0.0006179301263555758,0.0052915935336273505,Bull,0
2018-01-31,2018-01-31,2018-02-28,0,Bull,42,-3403.4587701467085,1045,673,296,0.0006623421762615065,0.005252352915355432,Crisis,1
2018-02-28,2018-02-28,2018-03-31,1,Crisis,42,-3424.825367868787,1046,673,314,-0.0001413616067366896,0.016380386420590438,Crisis,2
2018-03-29,2018-03-31,2018-04-30,2,Crisis,42,-3470.642971249326,1055,671,328,-0.0002535766703024352,0.016248516577048653,Bull,1
2018-04-30,2018-04-30,2018-05-31,1,Bull,42,-3519.552252685267,675,1055,345,0.0006580593134873656,0.009189260295474063,Neutral,1
2018-05-31,2018-05-31,2018-06-30,1,Neutral,42,-3566.360581035926,683,1069,345,0.0006436257841238381,0.005285158413746212,Neutral,1
2018-06-29,2018-06-30,2018-07-31,1,Neutral,42,-3700.993545800387,599,903,616,0.0004821393563277233,0.007263184929616768,Bull,0
2018-07-31,2018-07-31,2018-08-31,0,Bull,42,-3740.390500830444,613,911,615,0.0008180834900233147,0.0044469701657933345,Bull,0
2018-08-31,2018-08-31,2018-09-30,0,Bull,42,-3755.7400360401925,635,912,615,0.0008388889422206015,0.0044539900146663034,Bull,0
2018-09-28,2018-09-30,2018-10-31,0,Bull,42,-3766.1056277423586,650,914,617,0.0008038425074183286,0.004431254370375157,Crisis,2
2018-10-31,2018-10-31,2018-11-30,2,Crisis,42,-3807.5420326341014,657,910,637,0.00020517058070129783,0.013559499660172525,Crisis,2
2018-11-30,2018-11-30,2018-12-31,2,Crisis,42,-3773.9647369003487,1149,704,372,-0.0002053537469387144,0.01595230128539283,Crisis,2
2018-12-31,2018-12-31,2019-01-31,2,Crisis,42,-3869.595444190896,657,914,673,5.382453646657849e-05,0.013619951130036735,Crisis,2
2019-01-31,2019-01-31,2019-02-28,2,Crisis,42,-3812.1381496999065,1149,706,410,-0.0001733244705095935,0.015969899689686214,Neutral,1
2019-02-28,2019-02-28,2019-03-31,1,Neutral,42,-3931.4981670647385,657,933,694,0.0005167383603216063,0.007243429597550843,Neutral,1
2019-03-29,2019-03-31,2019-04-30,1,Neutral,42,-3970.2394562936333,678,933,694,0.0005048427258191642,0.007253819796624303,Bull,0
2019-04-30,2019-04-30,2019-05-31,0,Bull,42,-3996.532223511152,683,945,698,0.0008281751034273009,0.0044483432526583894,Neutral,1
2019-05-31,2019-05-31,2019-06-30,1,Neutral,42,-4052.194263684509,691,967,690,0.00042140893512362,0.007281521910659403,Neutral,1
2019-06-28,2019-06-30,2019-07-31,1,Neutral,42,-4100.972966999372,697,974,697,0.00048125598982520003,0.007301666626628204,Bull,1
2019-07-31,2019-07-31,2019-08-31,1,Bull,42,-4037.193354508466,1216,767,407,0.0006721027285114076,0.005246967189387342,Crisis,2
2019-08-30,2019-08-31,2019-09-30,2,Crisis,42,-4086.2924273252706,1220,772,420,-0.00027571256642602415,0.015942947345117118,Neutral,0
2019-09-30,2019-09-30,2019-10-31,0,Neutral,42,-4131.398417650091,773,1226,433,0.0006530776304046471,0.005252761690879045,Bull,0
2019-10-31,2019-10-31,2019-11-30,0,Bull,42,-4183.546606964252,799,1223,433,0.0007070815411575825,0.009073553317035566,Neutral,2
2019-11-29,2019-11-30,2019-12-31,2,Neutral,42,-4216.074668938387,797,1245,433,0.0006506889477064287,0.00522743245105708,Neutral,1
2019-12-31,2019-12-31,2020-01-31,1,Neutral,42,-4238.2749126903045,798,1265,433,0.0006602665007556044,0.005216493852444095,Bull,1
2020-01-31,2020-01-31,2020-02-29,1,Bull,42,-4272.969540830274,799,1285,433,0.0006880476659560202,0.009075354393078855,Crisis,2
2020-02-28,2020-02-29,2020-03-31,2,Crisis,42,-4298.220893165623,813,1285,438,-0.0005467054583262718,0.015807366730537842,Crisis,2
2020-03-31,2020-03-31,2020-04-30,2,Crisis,42,-3805.7535529689217,826,1285,447,-0.0007640536365589348,0.01725206448425263,Crisis,2
2020-04-30,2020-04-30,2020-05-31,2,Crisis,42,-3581.987695437231,901,1291,387,-0.001000533282390495,0.019544928292769437,Crisis,1
2020-05-29,2020-05-31,2020-06-30,1,Crisis,42,-3628.730094882822,904,1291,404,-0.0007830327042510437,0.019493644638726503,Crisis,1
2020-06-30,2020-06-30,2020-07-31,1,Crisis,42,-3679.7961204172416,904,1291,426,-0.00070132912581238,0.01931360330846923,Bull,0
2020-07-31,2020-07-31,2020-08-31,0,Bull,42,-3736.336393128435,917,1291,435,0.0008074353217591136,0.009428108190827067,Neutral,1
2020-08-31,2020-08-31,2020-09-30,1,Neutral,42,-3769.360233860352,919,1310,435,0.0006964668716132134,0.005237137775670582,Crisis,2
2020-09-30,2020-09-30,2020-10-31,2,Crisis,42,-3835.9960326729683,906,1312,467,-0.0005997868947067225,0.018832862861686915,Crisis,2
2020-10-30,2020-10-31,2020-11-30,2,Crisis,42,-3902.1952163677133,921,1324,462,-0.0008298988322524269,0.018925820658387913,Bull,1
2020-11-30,2020-11-30,2020-12-31,1,Bull,42,-3966.7691588430534,924,1324,479,0.0008172280976245442,0.009491385392348218,Neutral,0
2020-12-31,2020-12-31,2021-01-31,0,Neutral,42,-3999.1056871080946,939,1326,484,0.0007170234153289869,0.005248774052821382,Bull,1
2021-01-29,2021-01-31,2021-02-28,1,Bull,42,-4038.606568389117,938,1351,479,0.0007881659807443797,0.009478075551212946,Bull,1
2021-02-26,2021-02-28,2021-03-31,1,Bull,42,-4069.057814135458,953,1355,479,0.0007878566645230671,0.00950462171062996,Bull,1
2021-03-31,2021-03-31,2021-04-30,1,Bull,42,-4115.581710078424,955,1376,479,0.000861721887764219,0.009588782497820341,Neutral,0
2021-04-30,2021-04-30,2021-05-31,0,Neutral,42,-4156.5017788609475,957,1395,479,0.0007095607906198392,0.005336440305940976,Bull,1
2021-05-28,2021-05-31,2021-06-30,1,Bull,42,-4189.562530922229,970,1402,479,0.0008915032963308218,0.009578352078535128,Neutral,0
2021-06-30,2021-06-30,2021-07-31,0,Neutral,42,-4216.826048098436,978,1416,479,0.0007091769273538641,0.005339910158162618,Neutral,2
2021-07-30,2021-07-31,2021-08-31,2,Neutral,42,-4247.926053667087,965,1453,476,0.000730850770431158,0.005379959752876929,Neutral,0
2021-08-31,2021-08-31,2021-09-30,0,Neutral,42,-4276.269958966526,964,1473,479,0.0007340155881274942,0.005385453414531537,Bull,0
2021-09-30,2021-09-30,2021-10-31,0,Bull,42,-4308.190123096099,968,1490,479,0.0008380165803047869,0.009592952144240384,Bull,0
2021-10-29,2021-10-31,2021-11-30,0,Bull,42,-4342.303698131997,989,1490,479,0.0008887880300197907,0.009582454694548173,Bull,1
2021-11-30,2021-11-30,2021-12-31,1,Bull,42,-4369.744009434491,1001,1499,479,0.0008522332644575357,0.009557767047933216,Bull,0
2021-12-31,2021-12-31,2022-01-31,0,Bull,42,-4420.086091541547,1009,1513,479,0.0008641639231002216,0.009621411710426542,Bull,0
2022-01-31,2022-01-31,2022-02-28,0,Bull,42,-4452.975407467977,1027,1515,479,0.0007862352138099469,0.009625821234001575,Crisis,2
2022-02-28,2022-02-28,2022-03-31,2,Crisis,42,-4513.2531394386615,1024,1520,496,-0.000651854596503671,0.018573499962254464,Crisis,2
2022-03-31,2022-03-31,2022-04-30,2,Crisis,42,-4576.557115886233,1029,1515,519,-0.0005518666945662249,0.018428198308154592,Crisis,0
2022-04-29,2022-04-30,2022-05-31,0,Crisis,42,-4624.2618025817,1036,1524,523,-0.000613012108531874,0.018400667471146995,Crisis,0
2022-05-31,2022-05-31,2022-06-30,0,Crisis,42,-4646.497731849934,1036,1524,544,-0.0005852035473040177,0.018463073556628094,Crisis,0
2022-06-30,2022-06-30,2022-07-31,0,Crisis,42,-4676.905907325845,1036,1524,565,-0.000715770499863797,0.01847817400461339,Bull,1
2022-07-29,2022-07-31,2022-08-31,1,Bull,42,-4733.8089903733135,1041,1524,580,0.0007946196950081515,0.009685567737381811,Crisis,2
2022-08-31,2022-08-31,2022-09-30,2,Crisis,42,-4795.227661480495,1059,1533,576,-0.0007920590086569129,0.018444491498277708,Crisis,2
2022-09-30,2022-09-30,2022-10-31,2,Crisis,42,-4853.2928887101625,1053,1530,606,-0.000926325621342924,0.018224793900221237,Crisis,2
2022-10-31,2022-10-31,2022-11-30,2,Crisis,42,-4894.179902797564,1052,1530,628,-0.0007617591633266789,0.018197328602573913,Crisis,2
2022-11-30,2022-11-30,2022-12-31,2,Crisis,42,-4938.063822878373,1051,1530,650,-0.0006261943063891349,0.01815445228488149,Crisis,2
2022-12-30,2022-12-31,2023-01-31,2,Crisis,42,-5004.165578567763,1048,1533,671,-0.0006950548627582019,0.018013261550437858,Bull,0
2023-01-31,2023-01-31,2023-02-28,0,Bull,42,-5043.962350836356,1086,1545,641,0.0008127028732410155,0.009866360571152607,Bull,1
2023-02-28,2023-02-28,2023-03-31,1,Bull,42,-5074.238183315325,1098,1552,641,0.000754921725224375,0.009892052868797796,Neutral,0
2023-03-31,2023-03-31,2023-04-30,0,Neutral,42,-5111.726802903971,1554,1125,635,0.0007416789036969802,0.00992149433792963,Bull,1
2023-04-28,2023-04-30,2023-05-31,1,Bull,42,-5151.624323207515,1139,1559,635,0.0007492600868130792,0.009911400912120564,Bull,1
2023-05-31,2023-05-31,2023-06-30,1,Bull,42,-5195.837741714338,1155,1555,645,0.000771497749707069,0.00985742805779048,Neutral,1
2023-06-30,2023-06-30,2023-07-31,1,Neutral,42,-5239.1793269408745,1154,1577,645,0.000761828375566984,0.005462295863663427,Bull,2
2023-07-31,2023-07-31,2023-08-31,2,Bull,42,-5252.209510761855,1597,1159,640,0.0007724561073134092,0.0054670449077383965,Neutral,1
2023-08-31,2023-08-31,2023-09-30,1,Neutral,42,-5295.009642336181,1154,1620,645,0.0007513745385488777,0.005482128651948389,Neutral,2
2023-09-29,2023-09-30,2023-10-31,2,Neutral,42,-5338.973239082546,1157,1642,640,0.0007145730693410714,0.005507820586528134,Bull,1
2023-10-31,2023-10-31,2023-11-30,1,Bull,42,-5390.366148569377,1165,1640,656,0.0007471615550001689,0.00980014441905231,Neutral,0
2023-11-30,2023-11-30,2023-12-31,0,Neutral,42,-5425.328677507023,1167,1646,669,0.0007115800769720595,0.0055111036789060154,Neutral,0
2023-12-29,2023-12-31,2024-01-31,0,Neutral,42,-5445.466213062279,1168,1665,669,0.0007301121290146702,0.005510689003759845,Neutral,0
2024-01-31,2024-01-31,2024-02-29,0,Neutral,42,-5473.371561599081,1167,1687,669,0.0007301159323525812,0.005522444978551567,Bull,1
2024-02-29,2024-02-29,2024-03-31,1,Bull,42,-5517.132723335887,1179,1695,669,0.000860665971213987,0.009752789082022859,Neutral,1
2024-03-28,2024-03-31,2024-04-30,1,Neutral,42,-5554.741395698238,1188,1706,669,0.000752307100996287,0.00553619185894559,Bull,0
2024-04-30,2024-04-30,2024-05-31,0,Bull,42,-5598.5205690274415,1194,1722,669,0.000868076909043811,0.009728389349805185,Neutral,2
2024-05-31,2024-05-31,2024-06-30,2,Neutral,42,-5633.006763078405,1203,1738,666,0.0007188275251639441,0.005558006663415965,Neutral,0
2024-06-28,2024-06-30,2024-07-31,0,Neutral,42,-5648.972036864292,1204,1751,671,0.0007228882043846908,0.005547245093043223,Bull,1
2024-07-31,2024-07-31,2024-08-31,1,Bull,42,-5686.81541303907,1244,1720,684,0.0008153408835812622,0.009592523829614634,Bull,1
2024-08-30,2024-08-31,2024-09-30,1,Bull,42,-5760.008103743221,1257,1726,687,0.0008485710461252451,0.00963861285856018,Bull,1
2024-09-30,2024-09-30,2024-10-31,1,Bull,42,-5791.864337737865,1265,1725,700,0.0007912237239442058,0.009602851245774821,Neutral,1
2024-10-31,2024-10-31,2024-11-30,1,Neutral,42,-5824.883251299432,1236,1777,700,0.0006990747390241283,0.005534282241784834,Bull,1
2024-11-29,2024-11-30,2024-12-31,1,Bull,42,-5862.153647912082,1283,1741,709,0.0007960040182421016,0.009553004865513385,Bull,1
2024-12-31,2024-12-31,2025-01-31,1,Bull,42,-5897.690085114183,1298,1746,710,0.0007584243326903281,0.009531871753632314,Bull,1
2025-01-31,2025-01-31,2025-02-28,1,Bull,42,-5928.490217580758,1273,1804,697,0.000798441797022496,0.009661305595088779,Bull,1
2025-02-28,2025-02-28,2025-03-31,1,Bull,42,-5971.159155661367,1283,1813,697,0.000793738328830522,0.00964926480548796,Crisis,0
2025-03-31,2025-03-31,2025-04-30,0,Crisis,42,-6032.295544461196,1287,1820,707,-0.0004747743856155204,0.01776185441462486,Crisis,1
2025-04-30,2025-04-30,2025-05-31,1,Crisis,42,-5943.880805961582,1307,1821,707,-0.0006100681691727853,0.018234772890047237,Bull,0
2025-05-30,2025-05-31,2025-06-30,0,Bull,42,-5974.342070303847,1318,1823,715,0.0007743939385251721,0.009732310556339491,Neutral,0
2025-06-30,2025-06-30,2025-07-31,0,Neutral,42,-6014.125716466629,1325,1822,729,0.000729337985330806,0.0055619930826705894,Neutral,1
2025-07-31,2025-07-31,2025-08-31,1,Neutral,42,-6033.480261946183,1319,1838,741,0.0007172137827257598,0.005552596875565054,Neutral,1
2025-08-29,2025-08-31,2025-09-30,1,Neutral,42,-6070.218385674205,1328,1869,722,0.0007364931857976503,0.005577083116318607,Neutral,2
2025-09-30,2025-09-30,2025-10-31,2,Neutral,42,-6083.701884379598,1332,1891,717,0.0007458132407385158,0.0055758288581139095,Bull,1
2025-10-31,2025-10-31,2025-11-30,1,Bull,42,-6126.191346761061,1355,1889,719,0.000802639619774654,0.00968270781192565,Neutral,0
2025-11-28,2025-11-30,2025-12-31,0,Neutral,42,-6162.01784421905,1833,1397,752,0.0007262505084943937,0.009514180287182043,Bull,0
2025-12-31,2025-12-31,2026-01-31,0,Bull,42,-6196.7410303618935,1837,1412,755,0.0007518393451395376,0.005500338618624881,Bull,1
2026-01-30,2026-01-31,2026-02-28,1,Bull,42,-6220.174786827982,1858,1411,755,0.0007505709499275457,0.005507722026563901,Neutral,0
2026-02-27,2026-02-28,2026-03-31,0,Neutral,42,-6258.540936978122,1859,1429,755,0.0006841202827938532,0.009473523226104102,Neutral,0
